,customer_id,star,enroll_date,content
0,정상은,1,2025년 7월 16일,"찜목록에서 특정가게 구경하고, 뒤로가기버튼으로 찜목록 돌아오면 스크롤이 맨위로 올라가 있어요. ㅡㅡ 스크롤 다시 내려야해서 불편해요. 그리고 다른사람 리뷰보다가 그사람이 시켜먹는 메뉴 가격 궁금해서 눌러보면 메뉴판으로 이동하지도않고 무반응입니다. 땡기면 담아두기 버튼은 대체 왜만들었어요? 남이 구성한 그대로 누가 담아요 특정메뉴만 궁금하지. 진짜 불편해요 ㅡㅡ 원래는 별점 5개에 불편사항 남기면서 살았는데 안보는것같아 삭제하고 다시쓰는겁니다. 앞으로는 불편하면 별1개 달겠습니다."
1,잠자는곰돌이,3,2025년 7월 10일,안녕하세요~ 처음 사용한 유저입니다. 리뷰올릴때 불편한점이 있습니다. 사진을 올릴때 네이버 마이박스만 허용이 가능하고 범위 넓이가 좁습니다. 네이버 마이박스 뿐만 아니라 갤러리 다양한 경로로 넓혀주시면 사용하기 편할것 같습니다 앞으로도 번창하십시오~
2,서해,5,2025년 7월 17일,이제 2번째 사용을 해봤는데 아무래도 결제 부분이 나이가 조금 있으시거나 전화기 사용 자체가 어려움이 있으신 분들 입장에서는 전화 주문이 확실히 편할 것 같기는 합니다. 하지만 저처럼 전화 자체를 어려워하는 사람들 입장에서는 너무 반가운 어플이에요
3,안소연,5,2025년 7월 4일,"정말 잘쓰고 있습니다 특히 지역화폐 이용 면에서 최고입니다 건의 드릴건이 있다면 자치구 별로 이용가능한 상품권이 나오고 다른 구에서 이용이 안되는데, 자치구 경계에 있는 사람은 여러 상품권을 사야하는 실정입니다 제가 갖고 있는 상품권으로 구매가능한 자치구의 가게만 볼수있게 설정할수 있거나 지도상으로 가게의 자치구가 어디인지를 따로 보거나 할수 있으면 좋겠습니다"
4,장수범,2,2025년 7월 17일,"인터페이스 가게 메뉴 사진이 너무 큽니다. 한 화면어 가게 리스트도 몇개 안되고, 가게명을 우선으로 보면서 스크롤 하는데, 스크롤해서 내리면 보면, 가게 놓치기 일쑤고, 손가락 아프고, 가게 음식? 사진 큰 화면 너무 불편함.. 검색이니 찜이니 그 방법이 있다???라고 말씀하시면, 그게 주문자 입장의 최선의 방법일까요?"
5,천경현,1,2025년 7월 13일,첫고객 페이통장 결제 쿠폰 사용방법에 대해 제대러 고지해주지 않아 사용 못하겠네요. 사용조건이 너무 까다롭고 통장 연결해서 하려고 해도 안된다고만 하네요. 배달비 받은만큼 쿠폰을 준다는건 알겠지만 적어도 다들 이용하기 쉽게 표시해주던가 적용하는 방법을 제대로 적어놓던가 해놓으시죠.
6,힝,5,2025년 7월 19일,"좋아요! 더 많은 가게들이 사용하면 좋겠어요! 쿠폰도 뿌려주고 다른 배달앱과 다르게 사장님들에게 불이익이 가지 않아서 시킬때마다 마음이 편해요 아래는 제가 사용하면서 느낀 불편한 점들입니다 1. 마감 할인과 사장님이 주신 쿠폰을 못쓰는 문제. 마감 할인이 들어가면 다른 쿠폰을 못 써요. 쿠폰을 쓸 때 마감할인 적용을 해제하게 해주세요. 2. 결제 수단 대면 결제 , 현금 결제 서비스도 시행해주셨으면 좋겠어요. 아직 카드를 등록해 결제하는 방식을 어려워하는 연령대의 이용자들 있습니다. 다양한 결제 서비스를 시행해 앱의 접근성을 높이는건 어떨까요?"
7,강가키,3,2025년 7월 14일,저희집 주소가 A동인데 섬입니다. 실제 A동이랑은 멀고요... 자동차전용 도로인 대교를 끼운채로 있어서 A동식당들이 자꾸 잡히는데 배달이 불가능합니다. (대부분 오토바이 라이더시니까요) 가까운쪽은 B동인데 (여기는 아예 지역이 다름 주소가 갈라지는 곳) B동 식당은 아예안잡혀요 ㅋㅋ... 따로 차량배달 라이더 요청을 가능하게끔 하거나 개선이 필요해보입니다. (배ㄷㅇㅁ족 은 이기능이 있어요...제발 개선해주세요...)
8,송이석호,4,2025년 7월 6일,좋은 어플인거 같아요~ UI 구성도 직관적이고 깔끔해요. 아쉬운건 리뷰쓰는 기간이 짧고 사진 3장 제한인 부분과 특히 결제 관련해 만나서 현장결제가 없어서 7월에 발급되는 민생회복 소비쿠폰을 쓸 수 없다는게 안타까워요. 앞으로 2~3가지 영역의 이용자 편의성이 개선되면 더많은 시민들이 사용하게 될거 같네요. 수고하세요~
9,Y.S Kim,5,2025년 6월 22일,검색 버튼이 따로 있으면 더 편리할거 같아요. 제가 못찾은건지 모르겠는데 가게들 둘러보다가 검색창에 타이핑 하려면 스크롤을 끝까지 올려야 되더라구요. 타 배달어플에 비해 가게 사장님들 수수료가 많이 저렴하던데 초심 잃지 않고 쭉 상생하는 어플이 되면 좋겠어요. 아직 입점업체가 많지 않아서 타 어플을 지우진 않았지만 곧 지울수 있으면 좋겠어요.
10,주현영,5,2025년 6월 6일,"소상공인에게 조금이라도 힘이 되었으면 해서 계속 사용 중입니다. 다만 앱 상의 배송시작 알림, 도착예정 알림과 카톡으로 오는 알림, 그리고 실제 배송 시간이나 도착여부가 상이한 경우가 다소 있습니다. 어플 자체의 문제인지 아니면 다른 사유인지는 모르겠으나 개선되면 더 편안하게 사용할 수 있을 듯합니다."
11,강연진,5,2025년 5월 21일,지역화폐도 가능하고 할인 등 편리해서 잘 사용중입니다. 사용하면서 하기 내용 건의드리고 싶습니다. 1. 가게 메뉴에서 검색기능 - 일일이 스크롤하거나 그나마 카테고리로 좁혀서 스크롤할 수 있으나 바로 검색되면 좋겠습니다. 2. 지역화폐 결제 최대금액 설정 - 지역화폐로 결제시 주문금액을 일일이 입력해야 해서 불편합니다. 최대금액 선택하는 버튼이 있으면 좋겠습니다.
12,가락동꽃바지,5,2025년 7월 7일,정말 다 좋고 잘 쓰고 있는데...결제할 때에 보안 키패드에서 숫자가 일부 표시되지 않아서 너무너무 불편합니다. 이것만 보완하면 참 좋겠어요. 결제할 때마다 필요한 숫자가 다 보일 때까지 취소했다가 다시 결제하기 정말 귀찮네요.
13,또라에몽,5,2025년 7월 7일,"제 인생 살면서 리뷰글을 처음 써요. 지역화폐 쓸 수 있는 곳이 없어서 골칫거리였는데,다른데는 만나서결제 하기싫어서 사용을 안했는데 여기는 비대면으로 할 수 있어서 좋아요! 가게 입점이 많아졌으면 좋겠어요. 다른 사람에게 추천했는데 아직 다른 지역은 안되나봐요. 입점을 많이하고 홍보하시는게 좋을듯. 장도연님이 cf에 나오시던데 할인쿠폰도 주고 좋아요. 소상공인한테도 수수료 덜 땐다고 들었는데 다른어플보다 자주 사용할 듯"
14,K,3,2025년 6월 19일,시작화면이 주소등록이 아니고 그냥 로그인하면 돼서 좋았는데 불편해졌네요.. 배민도 이게 불편해서 문의했더니 바뀌었는데 더 불편해져서 아쉽ㅜㅜ 쓸때만 까는 경우도 있는데 번거로워요ㅜㅜ 보통은 계정에 주소가 다 저장이 되어있는데 굳이 주소 입력을 제일 먼저 뜨게 할 이유가 있을지..
15,이윤정,2,2025년 4월 22일,어플 자체는 조작 및 사용에 큰 불편은 없음. 다만 배달 진행사항을 배달완료 알림으로만 알 수 있는데 가게측 또는 배달기사님의 실수로 완료되지 않았는데 배달완료가 찍히는 경우가 많음. (5번중 3번) 주소지 잘못 배달된 경우가 왕왕 있어서 이럴때마다 진짜 배달이 된건지 가게나 고객센터에 문의해야하는게 너무 스트레스 받음 그리고 매번 주문취소 당함ㅜㅠ
16,박정조,3,2024년 12월 6일,메뉴 사진도 부족하고 있는 사진은 확대가 안되고 사진도 실사도 아니고 실메뉴에 가깝지도 않고 뭔가 많이 부족합니다. 메뉴 가독성도 떨어 지는거 같고... 여튼 점주들 수수료가 상당히 저렴 한걸로 아는데 앱을 활성화 시키려면 뭔가 신경을 더 써야 할거 같아요. 신한에서 하는건 알고 있는데 은행 알리기 보다 이왕 시작한거 앱도 키워 주세요.
17,구름흩은바람,2,2025년 7월 18일,"장점: 지역화폐 카드 사용가능, 낮은 앱수수료 (사장님과 상생)ㅡㅡㅡㅡㅡㅡㅡㅡㅡㅡㅡㅡㅡㅡㅡㅡㅡㅡㅡㅡ 단점: 아직은 적은 가게수, 아직은 다소 덜 최적화된 앱 편의성(불편), 주소지 등록시 아파트 동수까지 나와있어 상세주소에 호수만 적었더니 영수증에는 제대로 주소 안찍혀있어 배달기사에게 아파트명+동수 어디냐고 전화옴(가게문제일수도), 타앱에서 상시 할인쿠폰 지급하는 가게 쿠폰이 이 앱에서는 1달에 1번이라 같은 가게 재주문시 장점없음. 심지어 할인쿠폰 갯수가 남았다고 나오는데도 한번 사용했을시 사용불가능. 왠만해선 이앱쓰고 싶지만 편의성+배달비+할인 포기하면서까지 굳이?"
18,Turin,2,2025년 2월 14일,"첫번째 그리고 두번째 주문까지 5000원 중복 할인은 괜찮으나 고쳐야 할 부분들이 있음. 항상 최대 XXXX원 할인 이런식으로 홍보를 하는데 그 부분이 전부 다 첫주문,재주문 할인쿠폰을 써야하만 한다는거임. 그래서 몇번 사용한 유저들도 알림을 보고 혹해서 들어갔다가 실망감을 감추지 못하는게 팩트. 할인은 좋다만 몇번이고 그런식으로 하면 있던 정도 없어질듯."
19,헤이스,3,2022년 10월 7일,"몇 번 잘 사용했습니다만, 계속 네트워크 오류가 뜨네요. 와이파이가 문제인가 싶어서 다른 어플에 접속해봤는데, 다른 어플은 잘 접속되었습니다. 데이터를 써도 계속 네트워크 오류가 뜨는데... 삭제했다가 다시 설치해도 마찬가지입니다. 혹시 몰라 다른 스마트폰으로도 접속해봤는데...앱 자체가 안 열립니다."
20,way Milky,3,2022년 9월 24일,1. 다른것을 보다 땡겨요를 다시 들어오면 담아놓았던 장바구니가 비워지고 다시 앱이 재시작되는 경우가 있습니다 2.가독성과 안좋습니다 다른 배달앱보다 확연히 안좋다는게 바로 보입니다 너무 많은걸 알리려고 하지말고 심플하게 볼수있으면 좋겠습니다 3.앱 디자인도 다시 한번 생각해보는게 좋을거같습니다. 4.수량 조절이 가능한 기능이 나왔으면 좋겠네요 2개 잘못 주문했을시 일일이 삭제하고 다시 담아야합니다 수수료 관련 소상공인분들의 부담을 줄어들었으면 하는 마음에 계속 쓸생각입니다 나온지 얼마되지 않았으니 계속 개선될거라고 믿습니다.
21,KWAK,2,2022년 8월 31일,"컨셉이나 콘텐츠는 나쁘지 않은데 어플의 사용감이 별롭니다. 사용하는 흐름이 뚝뚝 끊겨요. 1. 잠깐 다른 어플 들어갔다 오면 다시 첫화면부터 로딩됩니다. 제 설정 문제인지 어플문제인지 모르겠네요.. 2. 앱 내에서도 뒤로 돌아가니 종종 첫화면으로 돌아가는 것 같습니다. 3. 결제가 매끄럽지 못합니다. 카카오페이나 네이버페이도 추가되면 좋겠습니다. 다른 배달 어플에서 피로감을 느껴 쓰기 시작했는데, 가맹점도 점점 느는 것 같고, 할인도 많은 것 같아서 당분간은 계속 써보려고 합니다."
22,박소현,5,2022년 1월 1일,"오픈한지 얼마 안 된거 치고는 안정적입니다. 실사용자로서 한가지 불편한 점은 한식, 치킨, 분식 등등 카테고리에 들어가서 쭉내리다가 음식점을 선택해서 들어갔다 다시 뒤로가기 눌러서 나오면, 다시 맨 위로 올라간다는 점이 불편합니다. 즉 뒤로가기 했을때 선택했던 위치로 가는게 아니라 다시 화면이 위로 올라가버리기 때문에 그만큼 다시 화면을 내려야 하는 불편함이 있습니다. 지금은 초기라서 입점 음식점이 아직 많지는 않아 다시 내리는게 크게 힘든건 아니지만, 이후 점차 입점음식점들이 많아지면 사용자입장에서는 상당히 불편할듯 합니다. 반영이 가능할지 모르겠지만, 다른 배달어플에서는 가능하게 되어있으니 땡겨요어플도 반영될 수 있지 않을까 기대해봅니다."
23,뱌미,3,2022년 9월 25일,"어제 오늘 쓰면서 불편했던 점이 있었습니다. 1. 리뷰 사진 : 리뷰사진의 화질이 원본으로 올라가지 않아 되게 맛 없게 나오더라구요? 올리는 사람은 상관없는데, 고화질로 나오는게 회사랑 가게 입장에서 좋지 않을까 생각합니다. 그리고 사진이 잘려서 나오는 것도 음식을 맛없는 것처럼 찍히게 만드는 것 같아요. 2. 배달 주소 설정 : 배달 주소를 설정하는게 약간 불편했어요. 주소를 적어도 없는 주소로 나오고, 자세하게 하려고 지도를 움직이려하면 고정됐던 사진이 겹쳐서 나오질 않나 부산 지도였는데 서울로 이동되고.. 아직 앱 초기라 그런 것 같은데 수정이 필요할 것 같아요."
24,이봉근,2,2022년 12월 28일,"할인이벤트가 타어플보다 쪼끔 만족하기는 하나, 불편한점 1.아직 신생어플이라 시킬곳이 그닥 많치않다. 2.버퍼링이 심하다. 오래 이용하면 트래픽이 싸여서 그런지 너무느려져 어플종료후 재실행 해야한다. 3. 매장 메뉴탭 누르면 버그인지 모르지만, 자꾸 상위로 화면이 이동된다. 4. 초반엔 할인쿠폰 높은걸 잘주더니 이제 타어플처럼 할인같은건 잘 안퍼주는듯. 그래서 안쓰는 쿠폰만 쌓인다."
25,김쌕쌕,5,2024년 10월 13일,항상 잘 쓰고 있습니다!만 불편한게 한가지 있어서요. 보통 다른 배달어플을 구경하다가 땡겨요를 들어가게 되는데 그럼 땡겨요를 들어가자마자 가게 검색을 하거든요. 근데 어플 첫화면에서 항상! 매번! 이 주소가 맞느냐고 검색창 위치에 잠깐 뜨는데 한국인의 승질머리로서 이 팝업?이 사라질때까지 기다리는 시간이 너무나 깁니다.. 주소를 확인하라는 메세지를 강조하고 싶다면 검색창 위의 빈 위치에 뭐 깜빡이게 넣는다던지 확인을 누르면 사라지게 만든다던지 검토해주시면 좋을 것 같습니다.. 매번 불편해서 이렇게 리뷰를 남기게 되었어요..! 다음 업뎃때 검토해주시면 감사하겠습니다~!
26,known un,3,2023년 7월 19일,"다 좋고 잘 쓰고 있지만, 역시 배달 가능 지역과 불가능 지역을 미리 표시해 주시는게 사용 하는 사람입장으로 좋을 것 같아요. 이 음식을 시키기로 마음먹고, 기대에 가득한 마음으로 주문을 하려했지만, 주문 불가 지역이면 그에 따라오는 실망감이 크네요. 그 양이 저희 쪽에는 많아서, 이 것만 고쳐주셨으면 좋겠습니다."
27,곰팽이곰팽이,3,2022년 7월 30일,"가까운 순, 저렴한 순 ~보다가 맘에 드는 가게 보고 딴가게있나보면 다시 봤던 가게 순서대로 나오는게 아니고 다시 첫번째로 돌아가고... 다시 죽죽 내려야되고.. 만드신분 본인이 어플로 주문을 해보신적이 있나 의문이네요. 이렇게 기본적인 것도 제대로 안되있어서.. 참...쿠폰도 잘 주고 상인들 수수료도 적다고 이용은 잘하고 있는데 확실히 지배하고 있는 어플들보다 너무너무 미흡한게 많은게 사실입니다. 만들지만 말고 직접 사용해보고 머가 불편한지 관심을 기울인다면 이정도는 아닐겁니다."
28,시오,1,2022년 8월 20일,"로그아웃, 계정 이런 개인정보 관련으로 설정부분에 나와있지 않아서 찾아봐도 잘 안보이고.. 회원가입이 잘 완료 되었는지도 모르겠습니다. 잘 나와있지 않고 oo한 분 이라고만 나와있으니.. 또 앱 사용도 불편합니다.. 시스템 잘 되어있는 어플도 있는데 굳이 불편함을 감수하면서 이 앱을 써야하는 이유를 모르겠습니다."
29,2구구,2,2022년 5월 18일,"배송 불가지역이라고 타 앱으로 주문해달라고 하셨어요. 타 앱은 배달 시스템이 다르다고 하심. 애초에 배송 불가지역이면 주문이 불가능하도록 시스템으로 처리가 되어 있어야지 이게 뭐하는 짓인지. 주문 시킬 때마다 가게 위치 찍어서 확인하고 주문하고 있네요. 너무너무 불편해요. 주문할 때도 키워드 검색하고 가게 확인하다가 뒤로 가기 누르면 키워드 검색한 목록 화면이 아니라 아예 검색창 화면으로 돌아가는데, 너무 비효율적이에요. 이 상태라면 구매해둔 땡겨요 사랑상품권 다 쓰면 삭제할 것 같아요. 리뷰를 쓰라고 푸시가 와서 푸시를 눌러서 들어갔더니 리뷰 작성 화면이 아닌 곳으로 랜딩되네요. 너무 기본적인 ux고려가 안 되어 있는 것 같아요."
30,soo H,3,2022년 12월 25일,할인쿠폰은 유용합니다. 그런데 일단 요기요나 배민보다는 서비스되는 가게가 엄청 적어요. 또한 이건 가게 문제일수도 있지만 유독 땡겨요에서 주문하면 주문접수부터 배달까지 타 어플보다 느립니다. 배달예상시간보다도 배달이 훨씬 더 늦게 옵니다. 그리고 몇일만 지나도 시킨음식 리뷰도 못답니다. 이것 좀 개선해주세요.
31,青樹ツバサ,4,2024년 10월 23일,"다 괜찮은데, 배달비 필터에서 필터값이 최소값이 아니라 최대값으로 지정되는 문제(ex. 배달비 2000원 이하>1999~1억원이라도 해당 필터에 포함됨)가 있어 별 하나 깎았습니다. 사용자 시선에서 uiux 개발하십시다, 필터 쓰는사람이 1억원 배달비 내려고 2000원 이하 검색하겠습니까. 배민도 쿠팡이츠도 다 거쳐간 과정이니 크게 나무랄 건 아니지만...사용자 입장에선 노골적인 노출유도로 보입니다. 상당히 기분이 나빠집니다."
32,ttie,3,2024년 9월 21일,"비주류 배달앱인 것 같아 활성화되면 좋겠다는 마음에 처음 주문해봤는데요, 다시 이용하기는 힘들 것 같네요. 배달이 완료되었다고 떠 나가봤는데 음식이 없었고 혹시나 잘못된 곳으로 배달이 됐을까봐 예상되는 곳 다 돌아봤는데도 없더라구요. 매장에 확인 요청 드렸고 매장 측에서 배달기사분께 연락을 해주셨습니다. 알고보니 아직 배달이 안된 상태였고 기사분께도 확인차 직접 물어보니 배달완료 처리 등 별다른 조작은 하지 않으셨다고 하네요. 정확히 예정시간에 맞춰 완료 팝업이 뜬 걸 보니 어플 상에서 시간이 되면 자동으로 완료처리되는 시스템인가봅니다. [개선점] 배달 완료 처리에 대해 별도의 확인 절차가 있어야 할 것 같습니다. 동시에 소비자,기사 측에서도 배달이 정말 완료됐는지 크로스 체크할 수 있는 부분도요. (배달완료 사진 등) 밥 한 끼 먹겠다고 층마다 돌아다니고 매장에 전화하고 기사분께 확인하고 배달은 늦어졌고.. 첫기억이 좋지 않아 재이용은 힘들 것 같네요. 개선되면 불러주세요~ ㅋㅋㅋ"
33,사이드비,1,2023년 2월 21일,"어플이 느린것도 이해해요, 등록업체가 적은 것도 이해해요, 딱히 할인이 별로 없는 것도 이해해요, UI가 불편한것도 이해합니다 그런데 검색되는 식당 중 70%정도가 사실은 배달불가 지역이었다는 사실을 주문완료 후 전화로 들어야하는건 진짜 못참겠네요 삭제합니다"
34,seokyoung lee,3,2023년 1월 8일,"서울사랑품권 결제가 갑자기 안되네요?? 가맹점이 비대상인가 했는데, 아닙니다. 전 업종이 다 안돼요. 결제수단에서 상품권 선택란이 사라졌습니다. 아니요... 그 선택하는게 화면에서 사라졌다고요... 결제수단 선택에 땡겨요페이. 신용/체크카드 결제 이 두가지만 뜬다고요. 원래 상품권 결제가 있었는데 없어졌어요.."
35,Seungho Park,5,2022년 10월 20일,잘 사용하고 있습니다. 우선 이벤트나 혜택도 많고 할인쿠폰도 여러 쿠폰 중첩 사용가능 해서 너무 좋네요. 지역은 서울에서 사용하는데 불편함 없고 ㅇUI도 만족중입니다. 아직 다른 지역은 안되는듯 한데 초기 배달앱은 모두 겪는 어쩔 수 없는 과정인거 같습니다. 이 부분에 대해 악플다는분들은 이해가 안가네요. 배달앱 화이팅입니다. 수수료 낮춘다는 그 취지도 너무 마음에 듭니다👍
36,신경호,1,2022년 9월 24일,앱 개발을 어떻게 하신지는 모르겠는데요. 성격 급한사람은 주문하다 성질나서 앱 지울거 같네요. 어플 실행도 로딩이 길고 상품 고르려고 스크롤 하면 반응속도가 답답할 정도로 느립니다. 특히 결제시 1분이상 결제완료 누르고 대기를 해야합니까. 그리고 포장주문 했는데 일정시간 지나서 인지 제가 픽업을 하지도 않았는데 픽업완료 알림을 받아서 해당 매장에 확인전화 해보니 물건은 그대로있고 매장에서는 픽업완료를 누르지 않았다는 겁니다. 이 모든게 한번 주문만에 느낀 불편함과 시스템 오류라는게 놀랍네요. 할인혜택이나 이벤트도 좋은데 기본적인 시스템 개선부터 신경쓰시는게 어떠신가요? 특히 포장 픽업도 안했는데 픽업완료 알림 메세지 보내지는건 정말 심각해보입니다.
37,표성후,4,2022년 5월 18일,런칭한지 얼마 안됐다고 아는데 그런 것 치고는 앱 구동은 안정적이네요. 대신 뭐 보다가 뒤로갈 때 화면이 시작화면으로 돌아오는게 조금 불편한듯? 그거 말고는 버벅이는 것도 없고 결제도 편하고 좋아요. 점주 수수료 낮은 앱이라고 홍보하던데 잘되어서 배달앱 독과점 시장좀 개선됐으면 좋겠네유~
38,손규혁,3,2022년 10월 17일,일단 회원가입이 안되요. 중단된 cp 입니다 라는 메시지가 계속 떠요. 그리고 가게마다 메뉴사진이 크게 안보여서 아쉽네요. 한번 이용해보고 싶은데 가게와 메뉴 선택을 함에 있어 쾌적함이 떨어지는 느낌이에요. 그래도 어플 자체는 호감형이네요. 좀 더 최적화되고 발전하면 자주 쓸 것 같아요.
39,2 0,1,2024년 2월 3일,배달앱인데 배달 가능 지역이 아니라고 여러번 뜨네요 제 집이 뭔 산 속도 아니고... 할인 받으면 뭐합니까 배달이 안돼서 쓰질 못하는데 ㅋㅋ 배달 가능한 집이 있긴 한건가요? 앱이 전부 잘못한거라고 보지는 않지만 정말 짜증나네요 몇번을 신중하게 메뉴를 골랐는데 하나같이 다 배달 가능 지역이 아니라고 하면... 배달할거면 쓰지말라는 얘긴가요?ㅋㅋ 가게 위치도 그렇게 많이 멀지도 않아요. 1km~2km 정도인데도... 하.. 오류인건지 원래 그런건지. 그냥 여기다 화풀이합니다. 할인은 있어서 별점 2점 드립니다. 아니 별점 2점도 아깝네요. 바꿀게요.
40,Sohee Baek,3,2022년 9월 12일,앱 자체의 컨셉이나 혜택 등 만족합니다만 앱 사용성이 너무 안좋아요.. 스크롤 내리는데 화면이 계속 멈칫멈칫 딜레이가 걸려서 주문하거나 메뉴 구경하기 넘 어렵네요ㅠ 이 부분 개선하면 좋을 것 같습니다
41,쏭쏭싹싹,1,2022년 11월 21일,매장에 땡겨요 광고전화로 근처 사장님들 대부분 다 가입중이라고 전화와서 생각해보고 나중에 연락준다고 하니까 목소리톤 확 바뀌면서 아 네~ 알겠습니다~ 하고 바로 끊길래 기분나빠서 찾아봤더니 근처 2개밖에없는데 무슨 대부분이 가입했다고 허위로말하는지 모르겠네요
42,준서(Junse0),1,2022년 8월 29일,로그인도 안되는데 뭘 어쩌라는거지 몇백만이 다운받아서 동시접속이 많아 서버에 문제가 있는 것도 아니고 고작 50만 다운로드인데 로그인만 하려하면 튕기는건 문제가 크다고 생각함. 사용하고있는 기기는 갤노트 20울트라이고 다른 구매 어플에는 잘만 로그인 됨.
43,이더리움,1,2023년 12월 6일,"알고 있을지 모르겠는데, 신한인증서로 로그인하려고 들어가서 서비스약관 동의란에 보면 아래칸에 이메일 입력 칸이 있습니다. 그런데 그거 두 글자만 치면 이메일 입력칸 자체가 사라져요. 그래놓고 입력 못해서 약관만 동의하면 이메일 입력 안했다고 오류 뜹니다. 부디 알고나 있으시길 바라면서 적어봅니다. 앱 운영 부서에서 '왜 생각보다 가입자가 안 오르지?' 이러고 있을 거 같아서요."
44,hyewon Roh,1,2022년 9월 2일,"이런 건 줄 모르고 서울페이 살때 괜히 땡겨요 상품권을 샀네요. 주문이 될때도 있긴 한데.. 정말 너무 힘드네요. 이렇게까지 튕기는 앱은 처음인 것 같아요. 주거래은행은 다른곳이지만 카드혜택이 좋아서 신한카드가 주카드였고 이미지도 넘 좋았는데 작년부터 서울페이플러스, 땡겨요.. ㅜㅜ 이미지망인 건 아시죠? 그리고 대체 왜 상품권 잔액이 조금 남으면 다른 거랑 같이 결제 못하게 해놓는건지.. 3천원 정도밖에 안 남았는데 쓸 수가 없더라고요. 땡겨요상품권 신한카드로 샀더니 환불도 안되고.. 다음에 땡겨요상품권 뜨면 계좌이체로 만원정도만 구매해서 털어버리고 앱 지우려고요. 후발주자여서 매장도 별로 없고 불편해도 혜택이 좋으니까 괜찮다 생각했는데 들어가지지도 않고 튕기기만.. 다른 앱 쿠폰이나 카드혜택 합치면 할인율도 그렇게 다르지 않아서 안 쓰는 앱이 될 것 같아요."
45,서민,2,2024년 11월 20일,배달을 시키고 싶습니다 근데 무슨 시키려고만 하면 배달 가능 지역이 아닙니다 라고만 뜨네요. 지금까지는 모든 가게가 다요 앱을 사용하고 싶은데 사용 할 수가 없어요. 제가 어플 사용 미숙인지는 모르겠지만 현재 지점에서 배달 가능한 가게만 표시하는 기능을 추가하면 좋을거 같습니다 몇십 건을 배달 시도를 해 봤지만 전부 실패해서 아직 아무것도 못 먹어 봤어요
46,이쯔,5,2025년 1월 19일,잘 사용하고는 있습니다. 다만 핸드폰을 이용하여 일반결제할때 카드번호 입력 및 카드 유효기간 입력시 클릭이 안되는 오류가 있어서 사용이 힘들어요.. 아이패드 어플에선 정상 결제가 가능해서 그쪽으로 이용하고는 있습니다만 카드 일반결제 부분에서 보완이 필요할것 같아요! (제가 이용한 카드 일반결제는 우리은행입니다)
47,강한나,1,2022년 8월 14일,맛집이 배X에 없어서 여기에는 있길래 첫주문해봤는데 너무 느리고 터치 바로 안되고 결제.. 엄청 답답하고.. 광고는 신나던데 광고 분위기 반의 반도 안되듯 답답 그자체.. 배X불매 아니면 절대 안쓸앱임. 우선 안지우고 써보긴 하는데 정말 많~~~~이 개선하셔야할듯.. 광고에 투자하듯 앱에 좀더 많이많이 투자하셔야 할듯합니다. 바쁠땐 절대 못쓸앱..
48,나영,3,2022년 8월 11일,"검색 정확도가 좀 떨어지네요... 예를들어 지금 고기국수를 검색했는데, 고기 혹은 국수 글자가 들어간 메뉴를 파는 모든 가게가 떠요. 제가 찾고자 하는 고기국수라는 메뉴는 안보이구요.. 없으면 그냥 없다고 뜨는게 낫지 않을까요..."
49,Y.B Park,1,2022년 11월 24일,"화가나서 한마디 남깁니다. 저녁시간에 먹통은 기본, 앱에 진입해도 클릭만하면 종일 로딩중... 과연, 타배달앱과의 경쟁이 제대로 될까요? 후발 기업이지만 신한이라는 큰 기업에서 방관하고 있다는 사실에 실망스럽네요. 이런 기본적이지만 큰 문제는 제일 먼저 처리해야 하는거 아닌가요? 사람들이 어떻게 주문을 하나요? 저 또한 주문 하러 들어갔다가 로딩과 렉으로 주문 포기하고 나왔는데. 아무쪼록 문제가 빠른 시간안에 해결되기 바랍니다."
50,유우키리아,1,2024년 10월 5일,가맹점이 너무 적고 배달비도 비싼거 같은데요?! 그리고 배달이 안되는 지점이 데부분 이라 주문 하기도 쉽지가 않네요. 주문 할때 영어로 서비스 선택으로 나오는 곳도 있어서 더 사용 자체가 망막 합니다. 결국 배달 3사랑 다를게 없다 라고 보네요. 3사랑 다르면 지금 3사 문제에 저항을 하는 분들이 바로바로 항의도 하고 있는데 바로 가라 타지 않을가요? [뉴스 기사를 보면 바로 바로 갈아타는 매장도 나옵니다.] 입점 매장이 빠른 속도로 점점 늘어나고 했어야 하지 않나 생각 합니다. 그리고 신한은행 관리 인거 같아요 그럼 신한은행 배불리는 꼴아닌가요?
51,수정,2,2022년 11월 18일,"이건 뭐.. 다른 배달 앱들보다 더 늦게 출시되기도 했으니까 여러모로 부족한 것도 사실인데.. 너무 거슬리고 불편한 부분이 있어요. 검색창에 검색을 하면 그냥 아무것도 안떠요. 원래 있는 음식점응 검색해도 없다고 뜨고 그나마 한 두개 뜨는 것도 지역에 먼 곳 뿐이에요. 저번엔 그랬고 이번엔 안 그랬고, 근데 또 그러고.. 뒤죽박죽 앱 이용조차 못하겠어요 ㅋㅋㅋㅋㅋㅋ"
52,J처리,2,2022년 10월 19일,할인잘되고 검색이랑 다 좋은데 앱 자체가 앱 자체가 문제네요.. 접속 안될때도 있고 지금도 접속 로딩에서 넘어가질 않아요.. 저녁시간때라 트래픽문제인가 싶다가도 아닐때도 앱이 엄청 무거워져요. 해결이 좀 필요해 보입니다. --------------------------------- 앱 수정 됬다고 확인하고 리뷰 수정하라고 메세지왔길래 확인하고 앱 들어갔는데 ㅋㅋ 주문화면에서 버튼도 안눌러지고 재접했더니 접속오류 다시나고 뭐가 바꼈을까요??? 별점 2개 준것에서 더 떨어질거 같아요..
53,Yuja Kim,5,2023년 3월 29일,"안정화가 되겠지요. 개발자분들 화이팅... 10일 제 폰에 첫 설치인데, 오늘 앱에 업데이트가 3월 2일자로 올라와 있어 놀랐습니다. 계속 업데이트해주시면 나아지겠지 하면서 사용기를 겸해 오늘 제 폰에 나타난 버그 작성해봅니다. 1. 땡겨요로 넣은 메뉴가 귀신상태입니다. 가게명과 금액만 동동 떠돌아 남아있는 상태입니다. 다른메뉴 넣으면 함께 계산되려구 합계금액으로 찍힙니다. 이런 상황을 대비? 장바구니 비우기 버튼 만들어주세요. 2. 신한카드가 등록된 삼성페이로 결재하려고 했는데 삼성페이 프로그램으로 넘어가는게 아니라 신한플레이 설치페이지로 넘어가고, 설치하니까 신한플레이 짠!! 죽어도 삼성페이로 연결되지 않습니다. 다른 회사카드는 삼성페이로 결재가 잘만 되니... 일부러 막아둔 것이면 명시해주세요."
54,yes jang,1,2022년 5월 4일,"아니 왜 알림이 없어요 처음 주문한것까진 괜찮은데 주문이 취소됐으면 취소되었다, 주문이 되고 있다는 푸시가 하나도 없어서 조리하고있는줄도 몰랐어요 내가 설정을 잘못한건가 하고 설정 들어가도 알림과 관련되어서는 앱 내에서 설정도 불가능하고 다른 어플서 주문하다가 혹시나 하고 들어가봤는데 주문중이라니까 깜짝놀라서 취소했네요. 이부분 개선 안되면 안시키려구요"
55,s s,1,2023년 11월 19일,다른 두 배달어플에 비해 좋은거 하나도 없네요. 심지어 사장님이 배달 들어온거 못보셔서 배달예정 시간 한참 지나 고객센터 전화해야서야 조리 들어가는 황당한 경우까지 발생하더군요(취소도 안해줌). 심지어 가격도 서울페이 할인된거보다 타어플 기본 혜택이 더 저렴해요. 어지간한 부처님 아니면 이 어플 비추천입니다
56,Jongha Park,4,2022년 4월 9일,1. 매장의 조작 실수로 주문이 취소되어서 바로 재주문 넣어서 포장한 적이 있는데 크게 불편했던 것은 아니라 고객센터 민원을 넣지도 않았습니다. 근데 이런걸 다 모니터링을 하는지 고객센터에서 먼저 전화가 와서 사과를 하더라고요. 이정도로 꼼꼼하게 모니터링하고 cs를 하는구나 하고 신기했던... 2. 지도 위에 제휴 음식점 위치와 영업중인지의 여부가 같이 표시되는 것은 너무 좋습니다. 근데 지도를 조금 움직일 때마다 자꾸 새로고침을 해서 너무 버벅거립니다. 수동 새로고침 기능을 넣어주셨으면 하네요
57,bk Son,2,2023년 1월 9일,땡겨요를 애용한 고객입니다. 현재 해당 어플을 사용 중 버벅임이 여전히 발생하고 있으며 특히 할인 쿠폰 받으려고 화살을 땡기면 먹통이라 몇번이나 다시 땡겨야 하는 불편함이 있습니다 . 또한 할인 혜택폭이 확 줄어들어 3000원 쿠폰이 잘나오던 쿠폰도 500원~1000원 할인 쿠폰이 대부분이며 전처럼 꽝이면 100원씩이라도 나오던 적립금 마저 없어졌네요 무엇보다 최근들어서는 포장이 아닌 배달만 할인이 되는 이벤트를 진행하고 있으며 사실상 배달비 + 500~1000원의 작은 할인 쿠폰을 포함하면 실제로 과거 포장에 3000원중복할인까지 됐던 할인되는 금액은 거의 없고 오히려 비싸져서 이용을 안하게되네요 진짜 할인혜택도 좋고 포장도 잘되서 잘 썼으나 초기에 시장 점유율 높이려고 다양한 이벤트 했던것들이 무색할정도로 단계적이 아니라 혜택들이 갑자기 짜지니까 할인도 확 줄어서 체감이 큽니다 다른어플들에 비해서 되는 가게도 많지 않은데 이러면 다른어플들에 비해 장점이 뭐가 남을까요 아쉽네요
58,awesome h,1,2022년 12월 4일,뭐가 접속이 되어야 사용을 하던지 하지요. 요즘 시대에 이 정도 버그나 로딩속도면 어플을 출시하기에도 적합하지 않은 것 같습니다. 이런앱에 뭘 믿고 결제까지 할 수 있을까요.
59,김수완,1,2023년 9월 25일,이 놀라운 배달 어플은 메뉴를 고르면 배달가능 지역이 아니라는 말만 나온다. 이럴거면 처음 가게 리스트부터 제외하던지 뒤로가기만 몇번 하다가 결국 어플 끈다. 배달 다이어트 하는덴 최고의 어플일듯
60,몰라몰라,1,2022년 9월 29일,"결제수단 실화인가요? 땡겨요 페이로 기본이 되어있길래, 체크카드 쓰려고 신용/체크카드 선택했더니 전부 땡겨요전용 신용카드 체크카드 온라인주문 떠서 어처구니가 없네요. 이 앱은 땡겨요 전용 카드를 사용해야 결제가 가능한 시스템인가요? 이 앱은 못사용할 것 같아 아쉽지만 떠나겠습니다. 이건 좀 아닌거 같네요~"
61,jw k,3,2024년 3월 6일,어차피 상품권 활용이 구단위로 가능한데 주변 지역에 있는 음식점 노출시켜주는 지도 UI를 만들어주면 좋겠군요. 음식점 입점한 것도 몇 개 없고 배달비도비싸고 어차피 같은 동네에서 쓰는거 거의 픽업하는데 매번 주소 조회해가며 찾는거 엄청 힘듭니다.
62,김윤정,1,2022년 10월 5일,지금 접속하고 첫 주문했는데..이런 젠장..카드 계산하는데 계속 로딩만 되더니 뭔가 쎄한 느낌 ㅡ.ㅡ 계속 접속이 안된다 로그인도 안된다.주문이 된건지 안된건지 확인도 안되고 혹시나 싶어서 카드 확인해보니 카드결제는 됐네.이런..결제됐으니 주문들어갔겠지 싶어 기다렸다가 확인차 주문했던 가게에 전화를 해보니 안그래도 땡겨요 앱에서 주문한거는 다 제대로 안 들어와서 고객센터 전화중이라는데 전화도 안받는다네..헐~~뭐 이런...ㅡ.ㅡ 내가 귀찮아서 이런 평가 안 쓰는데 이건 정말 아니다 싶어서 글 남깁니다. 웬만하면 좋은게 좋은거라고 나쁜말은 안 하고 싶은데요 이건 장사하시는 분들께도 정말 아니지 않나 싶네요.
63,ch y,5,2023년 6월 1일,"다 좋은데 서울사랑상품권 구매해서 사용하려고 하는데 계속 오류가 나서 사용을 못하고 있네요... 제로페이는 문제없이 가동되는데, '서울페이+ ' 눌러서 결제하려고 하면 먹통이 됩니다. 캐시삭제 다 해봤고 핸드폰 재시작도 해봤습니다. -------------- 상품권 사용처관련 오휴였습니다. 전화문의가 엄청 잘 연결되고 친절해서 금방 해결했습니다. 별점 수정합니다!!!"
64,Hansol Moon,4,2022년 9월 30일,"아이폰에서 결제가 안되요. 남편이랑 같이 주문하는데, 남편은 아이폰이고 저는 갤럭시에요. 주문하면 보통 곧 접수가 되는데, 왠일인지 약 10분정도 감감무소식이었다가 자동취소가되더라구요. A,B 가게 두 군데 다 실패를 해서 제 폰으로 A가게를 결제해보니 평소처럼 되더라구요. 어떤문제인진 모르겠지만, 한번 테스트해보심이 앱사용하는 분들께 도움이되고, 앱개발자분들께도 좋을 듯 해서 리뷰씁니다."
65,김김김,5,2023년 5월 28일,쿠폰 많이 뿌리고 다 좋은데..(입점가게 적은건 뭐 그러려니 합니다 있는곳 시키고싶을때 들어오면 되니까요) 가게 내 메뉴검색기능 있으면 좋겠어요 메뉴가 한두개도 아니고 프차는 진짜 수십개씩 비슷한 메뉴가 쭉 있는데 하나하나 읽으면서 확인하는거 너무 귀찮고 비효율적입니다.. 이름 비슷한거 이거겠거니 하고 잘못주문하거나 진짜 지금 이메뉴 없는건지 내가 놓친건지 헷갈리기도 하고요
66,스노우맨,1,2024년 5월 21일,최악의 배달앱. 무슨 신한은행 앱 다운 받아라 가입해라 요구하는게 많은게 딱 은행권 꼰대들이 부가 상품 판매하려고 꼼수 쓰는게 눈에 훤히 보임. 초창기때 지역도 애매하고 가입 가게도 많이 없었지만 그래도 쿠폰 중복도 되고 개인정보 요구 하는 것도 없었는데 점점 쿠폰 쓰기 위해서 요구하는게 많아지는걸 보고 바로 탈퇴 삭제하기로 결정. 신한쏠은 결코 가입 안 했고 앞으로도 신한은행은 이용 안 할 것 같음
67,김잡초,1,2024년 12월 8일,"다른 배달앱 쓰다가 가게 도우려고 써보고있는데 각종 가게에서 10번넘게 주문을 했는데 절반이상 취소당하는게 맞습니까? 배달지연취소, 품절메뉴가 있다 취소, 배달콜안잡혀서 취소, 추가비용 넣고 결제해도 거기까지 배달이 안간다 취소, 리뉴얼됐는데 어플측에서 업데이트를 안해줘서 배민메뉴보고 시켜라 등등 취소만 몇번째입니까? 진절머리나서 못시키겠어요 열심히 고른 주문자는 뭐가됩니까? 배는 고프고 배달은 안오고 ㅎㅎ"
68,YANA LEE,2,2022년 12월 17일,할인이나 이벤트 주문 시스템은 아주 좋지만 음식 카테고리에 '전체'가 없는것과 앱 위아래 올리고 내리는 모션을 좌우 스와이프 모션으로 인식해서 잘 보고있는데 넘어가지는 문제만 고쳐주시면 좋을거 같아요
69,동감,3,2023년 10월 21일,"브랜드 할인행사가 있는 기간은 주문을 완전히 막고 행사 기간 이후에 주문 가능하다고 적어놨네요. 기간도 잠깐이 아니고 2주 이상, 땡겨요에서 주문 가능한 점포도 몇군데 없는데 할인 기간은 공식적으로 주문을 안 받는다니. 같은 업체를 다른 배달앱에서 검색하면 버젓이 영업중이구요. 땡겨요가 수수료가 낮다고 알고있는데 몇천원 할인을 하느니 다른 배달앱의 높은 수수료가 더 이득이라는 계산일까요? 할인행사를 해도 주문이 안되고 되는 곳은 멀어서 배달비가 비싸고. 땡겨요측에서 조치를 취할수 있는 부분이 있는지는 모르겠지만 할인행사를 하는 의미가 무색해지네요. 점주들도 힘들어서 그렇겠지만 많이 아쉽고 화가 납니다."
70,에이밍,1,2022년 8월 30일,로그인도 재대로 안되고 사용도 불편하고 딱 봣을때 눈에도 잘안들어오고 메뉴나 가게도 작게 보이는게 가독성도 떨어지는게 과연 이걸 써야하나??? 이런앱이 있다해서 사용해보려했지만 가장 중요한 로그인조차도 앱 사용중 정지가 되엇습니다가 뜨니.. 결제도 아직안해봣지만 구글 평점에보니 결제도 잘안된다하니... 그냥 삭제가 답인가 싶네요
71,황윤환,4,2025년 7월 4일,"중개수수료가 적어서 혹시 소비자에게도 혜택이 가거나, 아니더라도 같은 조건이면 사용하고 싶은데, 하필이면 단골 가게 음식가격이 오히려 1천원씩 더 비싸서 놀랐습니다. 물론. 쿠폰 혜택에 기인된 건지는 모르겠지만, 첫 이미지가 좀 그러네요."
72,kke hs,3,2025년 6월 28일,지역별로 배달비 편차가 있음. 땡겨요에서 고양시는 기본 배달비가 오천원부터 시작. 무료배달은 찾아보기 힘듬. 이러면 굳이 땡겨요에서 누가 배달비내고 시켜먹음. 요즘 요기요패스도 제휴상품으로 싸게 나와서 배달비도 안내고 할인까지 받는데 서울쪽에서는 앱이 유용할지 몰라도 외곽지역은 외면받을수 밖에 없음.
73,K C,4,2025년 7월 17일,페이 결제 인증할 때 잘 안 먹혀서 3번 다시 해야했지만 전반적으로는 인터페이스에 만족합니다. 땡겨요에 등록되는 업체들이 좀 더 많아졌으면 좋겠네요.
74,나화은,5,2025년 7월 5일,어플 편해요 자주사용 할께요 ~넘 감사합니다. 홍보만 좀더 하면 많이들 사용할것 같아요~^^ 그동안 몰라서 서용 못했어요 .기사님도 꼼꼼히 문자 주시고 .쿠폰사용해서 아주 저렴하게 잘먹었어요 😀
75,Hyeon Jeong Lim,1,2025년 7월 14일,다른 앱보다 싸게 살 수 있는것도 아니고 배달비 다 내는데도 배달시간이 안내 기재된것보다 + 기본 30분은 더 늦고 배달위치도 모르겠고 늦으면 늦는다고 안내가 나오는것도 아니고 은근슬쩍 시간만 변경되는데 소비자 입장에서 쓸 이유가 없네요 판매자만 좋으면 뭐합니까...
76,김제한,2,2025년 7월 5일,"장점 지역상품권을 사용 경제적으로 사용가능,3번 주문하면 1만원 쿠폰도 줘요,사장님타임세일도 좋아요.단점 배달비,가장 중요한거 시킬 가게가 너무 적어요.특정가게는 늘 주문이 취소돼요. 상품권 다 쓰기전에 탈퇴해야할듯..."
77,강민서,4,2025년 7월 14일,저희 동네 프랜차이즈들이 쿠폰이 있을 때는 준비중으로 하고 아닐 때는 구매가 가능하게 바꿔놔요 프랜차이즈 사먹는 제가 잘못이긴 한데 저희 동네 땡겨요 배달가능한 집이 몇 개 없어서 불편합니다 그리고 거리에 따라 추가 배달비를 2~3000원 별도로 받는 경우가 있는데 그냥 앱에서 결제가 가능하면 좋을 것 같아요 그 외에는 잘 쓰고 있습니다 이벤트 다양하게 열고 너무 좋아요
78,eunsun Jeon,5,2025년 6월 21일,"수수료가 낮아서 그런건진 잘 모르겠지만, 타 배달앱보다 음식 가격 자체가 저렴한 가게들이 있어서 너무 좋습니다. 배달비 쿠폰 지원해주는 것도 좋구요. 다만 원하는 가게들이 많이 없어서 그게 좀 아쉽네요ㅜ 가게들 많이 많이 입점하세 해주세용!"
79,SH BB,5,2025년 7월 11일,"잘 사용하고 있는데, 사장님 할인이 적혀있는데 적용이 안되는건 왜그런가요? 그리고 가끔 온누리 결제하고 돌아오는 페이지에서 오류가나서 재시도해야할때가 있어요. 요런건 개선되면 좋겠네요."
80,유구링,1,2025년 6월 21일,"배달 픽업했는지랑 도착했는지 알람이라도 해줬으면 좋겠어요.. 계속 배달 준비 중이라고 떠서 매점에 전화해보면 자기네들은 기사님한테 이미 전달해서 이후 상황은 잘 모르겠다고 그러고, 배달 도착했다는 알람이 없어 계속 기다렸는데 이미 배달 도착해서 한참 후라 다 식어있고.. 몇번째 그러네요 소상공인한테 도움된다고 해서 참고 계속 쓰고 있긴한데 개선이 좀 필요한 것 같습니다"
81,모노,4,2025년 5월 11일,생각보다 편하고 금방 배달와서 좋네요. 어플에 익숙해지면 배민 안써도 괜찮을듯. 지역 상품권 구매 가이드가 있으면 좋겠어요. 어떻게 해야 할인 받을 수 있는지 잘 모르겠어요. 이미 다 팔렸으면 타 지역 상품권으로 사도 되는건지.. 🤔 플랫폼 수수료 적어서 사장님들께 도움 된다고 해서 앞으로도 쭉 쓰려고 합니다. 가게도 플랫폼도 오래오래 초심잃지 않고 번창하길..!
82,최진아,1,2025년 5월 25일,배달현황이 뜨질 않아서 그런지 배달이 늦어요. 혜택은 첫구매 빼고 거의 없습니다. 소상공인 배달앱수수료보호해주자고 좋은 의미에서 쿠팡배민배달비보다 더 내가면서 9번 이용했습니다. 거의 매번 배달회사측에서 욕심에 배민이나 쿠팡오더를 추가로 받아 오히려 땡겨요걸 늦게 배달해도 패널티가 없다보니 아무리 가까워도 배달을 제시간에 받을수가 없네요. 기본 40분입니다. 컴플레인해도 중개업일뿐 할수 있는게 없다고 하네요.
83,조선영,4,2025년 6월 6일,쿠폰사용시 쿠폰에 적합한 결재를 하라고 자꾸 에러 메세지가 떠서 주문하다가 짜증이 났네요. 쿠폰 아래에 땡겨요 계좌등록된것만 가능하다던지 필수 항목 좀 적어주세요. 왜 결재 안되는지 잘 모르게 되어 있고 설명이 부족하네요. 쿠폰 사용 가능 필수 항목 넣어주세요. 쿠폰 쓰려는데 짜증나요.
84,한설아,5,2025년 7월 16일,일단 여러가지 혜택도많고 할인도 눈에보이게 해주니까 손이더갑니다. 기존 배달플랫폼의 초기때같달까요. 할인도 중첩이되는게 많으니까 혜택받고 맛있는 식사들하세요!
85,Eungi Min,2,2025년 7월 18일,쿠폰 이용해서 결제하려고 하는데 자꾸 쿠폰에 맞는 결재수단으로 결쟈하라고 하네요..땡겨요페이 신용카드 솔페이 다 해봐도 어느것도 결제가 안되네요 결제사스템 재점검 해주세요 너무 불편합니다
86,민범기,1,2025년 6월 24일,가입할려고했는데 자꾸 S031 라고 뜹니다 삭제했다가 다시 시도해도 안돼고 이앱 처음사용하는건데 왜 이런건가요? 또 데이터 켜보고 와이파이 켜보고 휴대폰 껏다키고 전화번호 제대로 돼여있고 정상수신까지 돼는데 S031뜰까요?
87,ms K.,5,2025년 6월 25일,쿠폰도 잘주시고 저렴해서 좋긴한데 타인 카드로 결제가 안되서 조금 불편하네요ㅠㅠ 배민 경우에는 가족등록하면 배우자 카드로 결제가되서 편했는데 땡겨요는 그게 안되서 조금 아쉽긴해요ㅎㅎ 그래도 애용은 잘하고 있습니당~~~
88,배인영,2,2025년 7월 7일,소상공인 수수료 이야기듣고 최대한 쓰려고는 하는데 어플 진심 개별로... 그리고 뭐만 눌러도 계속 신한 쏠페이 그걸로 넘어가는 것 좀 어떻게 해주세요 신한 잘 안써서 쏠페이도 안쓸건데 왜 계속 그걸 강요하는지
89,하창민,3,2025년 6월 5일,"배민쓰다가 자주시켜먹는 곳에서 추천해 와봤습니다만, 솔직히 소비자 입장에서 굳이입니다. 점주들을 위한다는 것은 알겠으나 소비자입장에서 배민과 가격차가 없고, 오히려 배달비가 더해지면 땡겨요가 더 비싼곳도 있더군요. 같은 가게 같은 제품을 점주부담을 덜기위해서라고 소비자가 굳이 옮겨가면서 까지 같은가격이나 더 비싸게 사려고 할까요? 이 부분은 땡겨요뿐 아니라 점주들도 고민해 볼 문제라고 생각합니다. 그외에 앱사용에 있어서는 아직 미숙한 부분들은 차츰 좋아지겠지요."
90,김인성,3,2025년 6월 28일,"좋은거같습니다만, 지역상품권 연계해놓고 최종 결제가 안되서 30분동안 주문하다가 결국 카드결제 했네요, 초기단계 적극적인 관리가 필요해보입니다."
91,지수김,5,2025년 5월 17일,예전 지역배달앱보다 결제도 간편하고 무엇보다 지역사랑상품권을 쓸수있어서 좋았습니다. 소상공인들에게도 많이 도움이 되었으면 좋겠습니다. 주변에도 많이 알리도록 노력하겠습니다. 많이 흥하길~
92,1226익명,3,2025년 6월 7일,주변 가게들이 전부 땡겨요를 사용하여 사용하려 했으나 직접 카드결제혹은 현금결제하여 배달받기가 없어 배달을 못 시키고 있습니다. 다른건 다 좋으나 이 때문에 땡겨요 사용 의지가 없어집니다. 가능하다면 추가해주세요
93,유석재,4,2025년 5월 11일,"다른 배달 앱에 비교하면 살짝 비쌉니다. 그래서 첫주문 쿠폰만 쓰고 사라지기 쉬운데, 독점가게도 있고 새로 추가되고 있으니까 행사때는 선택해볼 수 있을 것 같습니다."
94,별사탕,4,2025년 5월 31일,다 괜찮은데 입점한 가게보다 입점하지 않은 가게가 더 많아서 아쉬워요. ㅠㅠ 주문해보려 했는데 못 하네요. 적극적인 홍보가 필요합니다. 그나마 하나 있어서 주문하려고 했는데 준비중만 내내 떠서 못 하네요.
95,정태영,5,2025년 7월 1일,배민 지우고 이앱으로 바꿈. 이전 공공배달앱이 정말 열어보면 시켜 먹을게 없는 뭐같은 상태로 관리되는 경우가 많았는데 이건 관리 잘해서 그런 경우가 없길 바람.
96,I Alice,5,2025년 7월 16일,여러 쿠폰할인혜택과 포인트 적립으로 사용하기 좋습니다. 물가상승으로 배달음식 한동안 먹지 않았는데... 땡겨요에서 부담없이 잘 시켜먹고있어요.꾸준히 쿠폰발급이 되기를...🤭
97,미래,5,2025년 6월 3일,지역 페이를 쓸수있어서 좋아요^^ 핸드폰에 등록이 되어있다보니 따로 등록하는 번거로움없이 바로 등록되서 당황하지않고 바로 결제했네요^^ 잘썼습니다^^
98,키인,5,2025년 7월 19일,앱 인터페이스도 편하고 지역화폐 쓸 수 있는것도 너무 좋아요! + 조심스래 말하자면 네이버 페이로도 결제 가능하면 더 좋을것 같아요 ㅎㅎ
99,에오,5,2025년 5월 30일,예전에 이 앱 깔았다가 가게 얼마 없어서 얼마안있다가 지웠는데 이제는 가게들 많아져서 좋음. 서울살면 꼭 이거 써야함. 지역화폐랑 같이 연동 되어서 시너지 남. 브랜드 할인쪽은 많이 없어서 아쉽.
100,999 99구,5,2025년 6월 11일,배민 때문에 옮겼는데 땡겨요가 훨씬 좋네요 배민보다 수수료가 낮아서 그런지 가격을 아예 조금 덜 받는 가게도 있고 온누리 상품권으로 할인 받을 수도 있고.... 가게만 더 들어오면 좋겠네요 굿
101,김성대,1,2025년 6월 17일,근본적으로 양의 탈을 쓴 늑대 어플임. 지역 경제를 살리려면 땡겨요를 써라? 첫 주문 할인쿠폰 선심쓰듯이 주고 결제하려면 땡겨요페이써라? 그거까진 좋음. 토스뱅크로 땡겨요페이 등록하고 결제하려니 신한카드아니면 안된다? 사람들보고 땡겨요 쿠폰 쓰려면 신한카드를 가입하라는건가? 결국은 지역 상생을 가장한 신한카드 가입 권유 어플임.
102,뿜뿜빰빰,1,2025년 6월 26일,헉! v1.8.8 업데이트 했는데 실행하면 바로 아무것도 안나오고 앱 종료! 재설치해도 마찬가지! (안드11) v1.8.7 까지는 문제 없었습니다.
103,류명현,5,2025년 5월 31일,가게 사장들이 땡겨요 어플로 해달라고해서 알게된 어플입니다 요청하는 이유야 뭐 뻔하고 타앱보단 수수료가 저렴한가보다 해서 이용하고 있습니다 근데 벌써 4년이나 된 어플이군요 화이팅
104,Hyejin Yeo,1,2025년 7월 20일,어디를 들어가던 무한로딩이네요.. 신한은행 앱 통해 들어가서 겨우 주문은 했는데 리뷰는 또 이 앱에서만 가능하다고 해서 리뷰도 못남겨주고 있습니다.. 고쳐지면 별점 고칠게요
105,오종문,1,2025년 6월 26일,오늘 업데이트힌 후로 실행이 안 돼요. 재설치해봐도 흰 화면만 보이다가 종료되고 있어요. 이전 버전 설치방법이라도 알려주세요.
106,나비,5,2025년 7월 19일,"지역카드도 되고 이벤트도 많이 하고 좋습니다! 쥐똥만큼 주는 포인트, 그나마 주던 천원쿠폰도 안주는 배민 버리고 넘어왔어요."
107,힘내라화이팅,5,2025년 7월 21일,공공배달앱이 자영업자에 도움이 된다니까 사용중입니다. 좀더 정착해서 배달비가 저렴하게 평준화 됐으면 좋겠습니다.
108,진현주,5,2025년 6월 28일,소상공인을 위한 앱이라고 해서 사용합니다!! 아직 가게가 많이 들어오지 않아서 아쉽지만 그외엔 모두 만족스러워요
109,묘묘,1,2025년 7월 5일,상점과의 거리를 적어 놓으셔야해요. 나중에 광고비 받으시려고 안적으시는거면 큰일납니다. 고객과 상점거리 나오게 해주세요.
110,Tae Gyeom Yang,5,2025년 7월 14일,가장 중요한 배달비가 저렴해서 좋았고 배송시간도 적당합니다. 땡겨요 강추!!
111,yoose1,3,2025년 7월 16일,배달이 시작이 안되고 20분정도 연체될정도로 먼곳에서 제가 시킨줄 몰랐습니다. 물론 연체 쿠폰 주시기는 하지만 연달아 배달이 연체되서 그런지 좀 그렇긴 합니다. 첫 결제때는 35분이였는데 ㅠㅠ 배달료도 4천원이나 냈는데
112,유피르,3,2025년 7월 10일,"배달을 법인카드로 시킬때가 많은데 만나서 카드결제가 없어서 안 쓰게 됨 만나서 현금,카드 결제 기능이 생기면 좋겠네요"
113,쵸재깅,2,2025년 7월 12일,할인율은 좋음 다만 쿠X이나 배X민도 그정도는 할인함 타 어플에 비해 배달비가 문제인거지 그래서 포장시킬때만 씀 어플도 겁나 느려서 답답함 사용빈도는 3사 어플중 제일 낮음
114,Finback Lee,5,2025년 7월 8일,땡겨요 너무 좋아요. 다른 욕심쟁이 배달앱이랑은 다름. 소상공인들 많이 도와주세요. 경북 공공배달앱도 땡겨요 됐으면 좋겠어요
115,Minwoo Song,5,2025년 7월 9일,너무 좋네요!!! 특히 타임할인과 세번마다 만원 할인이벤트는 땡겨요에 정착하게 만드네요.
116,이지헌,1,2025년 6월 29일,첫주문 쿠폰 없네요 ㅠㅠ... 예전에 한번 다운 받은 적 있었는데 그땐 가게 자체들이 없어서 사용을 못 해서... 오랜만에 써볼려고 다운 받으니깐 아예 없네여 ㅜㅜㅜ
117,LEE LEE,1,2025년 7월 10일,1.타 배달어플에 비해 배달예상시간이 전혀 안 맞음. 주문할 때 배달예상시간에 따라서도 선택이 달라지는데 매장별 배달예상시간 보고 주문하면 매번 주문현황에서는 완전 다른 시간이 뜸. 2. 자꾸 최대 얼마 할인 이래서 들어가보면 첫주문 할인쿠폰 포함 금액임. 배민도 이런식으로는 첫주문 할인이랑 합해서 낚지는 않음. 첫주문 할인은 그것만 따로 빼고 쿠폰할인 최고액으로만 홍보했으면 좋겠음.
118,이범석,5,2025년 7월 7일,배민 사용하다가 대체할수있는 어플이라 만족해요. 전 이것만 사용할랍니다. 배민 수수료 행포가 너무 괘씸해서 바꿉니다
119,정유선,5,2025년 7월 21일,치킨이 신선하고 바삭한 상태로 빠르게 배달되어 왔어요~ 맛있게 잘먹었습니다. 최고였어요 감사합니다
120,석준영,5,2025년 7월 20일,쿠폰 너무 좋아요! 배달도 빠르고 특히 픽업하러 갈 때마다 사장님들이 많이 반가워하세요!!
121,87 princess,5,2025년 6월 29일,예전에 비해 배달 매장도 많아지고 이벤트는 꾸준하니 정말 좋아요 서울페이 쓸 수 있다는게 또 큰 장점 입니다
122,tene kim,1,2025년 7월 13일,배달 개판이네요 다른 어플에 비해 매번 배달 느려도 소상공인 위한 어플이라길래 되도록 이거 쓰려한건데 하다하다 이젠 도착알림조차 안와서 면 다 불고 ㅋㅋ 기분만 상하네요
123,only one,5,2025년 7월 5일,수수료 많이 안받는 착한 어플이라 들었어요. 이 어플만 이용할께요. 쿠폰도 많이 줘서 개이득
124,김미숙,5,2025년 6월 27일,땡겨요 중개 수수료가 얼마라고 영수증에 써 있네요. 배달앱이 착해요 ㅎㅎ 저도 옮기기 했습니다. 쿠폰도 줌.
125,양봉석_kyle,1,2025년 5월 25일,온누리에서 결제한 뒤 주문하던 앱으로 돌아가기 누르면 항상 땡겨요 홈으로 돌아오면서 결제 안 됩니다. 한두번도 아니고 하루이틀도 아니고 고객센터에 민원 넣어봐도 해결도 안해줍니다
126,전직,1,2025년 6월 6일,일단 쿠팡이츠와 앱이 비슷해요. 쿠팡 이츠와 달리 원산지 표시가 안 되어 있어요. 그리고 소비자인 제 입장에서는 같은 음식을 싼 값에 먹을 수 있는 곳이 좋은데 여기에 올라온 식당들은 배달비를 소비자에게 물리는 곳들이 많아요. 그리고 여기에 올라온 식당들은 제가 배달앱 사용 이전에 먹어본 식당들이 있는데 맛 없는 식당들이 많아요. 쿠팡이츠에서 경쟁력 떨어진 식당들이 많이 올라온거 같아요. 그리고 요즘 사장님들 중에 한 곳에서 중화요리 분식 등 식당 이름만 다르게 해서 올리는 분들이 많아요. 솔직히 그 음식 재료들 다 소진 못하면 재사용 하지 않을까 의심이 되어 그런 곳은 거릅니다. 그리고 외국인 사장님들이 너무 많은데 사장님 성함 좀 적어주세요. 쿠팡 이츠 처럼 영어로 본국 이름으로 표기해 주시면 고맙겠습니다.
127,강혜연,5,2025년 7월 19일,처음 땡겨요에서 주문했는데 쿠폰도 있고 저렴하게 구매해서 기분좋게 맛나게 먹었어요
128,폰은정,5,2025년 4월 9일,공공기관에서 하는줄 알았는데 신한에서 하는거였군요. 어쩐지 UI랑 사용성이 좋더라고요. 서울사랑상품권 사용 가능한게 제일 크고 수수료가 적다길래 배민 VIP에 배민클럽도 가입돼 있지만 땡겨요 있는 곳은 무조건 땡겨요만 사용합니다. 더 많은 가게들이 입점했으면 좋겠어요.
129,문영식,1,2025년 3월 1일,진짜 개별로임. 쿠폰 자동적용 안되고 다운받아야함. 첫주문 쿠폰 이벤트에가서 받아야하고. 주문할때도 잊지말고 쿠폰 적용하기 해야함. 재주문 쿠폰도 마찬가지임. 꽁꽁 숨겨두고 문의해야 다운받게 해주더라 ㅋㅋ 서울페이 상품권도 한번썻는데 두번째 쓰려니까 사용가능한 상품권없다하고. 어플 호환 연동 개판임. 쿠팡이츠나 배민 쓰는덴 다 이유가 있다. 배고픈데 짜증이 확 나네
130,Zj,1,2025년 3월 30일,좋은 마음으로 배민 안쓰려고 설치했지만 지역배달앱 처럼 배달가능한데도 별로 없었는데 이건 사장님들이 등록해야되는거라 둘째치고 지역앱보다 결제가 신한꺼 이외에는 수단 범위가 적어서 화나네요 네이버 페이나 폰결제도 안보이고 첫주문 5천원 할인 쿠폰은 좋은데 방식에 배려없이 어째 본인들껏만 쓰게 만들려는 의도가 뻔히 보인다는 느낌에 다른용무 보면셔 배고파서 음식은 시켜야하는데 쓰던 범위 외 결제수단을 이것저것 추가 하면서 결제하려니 시간걸리는게 화나서 돈 더 들어도 그냥 배민에서 다시 주문했습니다. 뭘 시도하려면 사용자를 위한 편의성 정도는 더 조사하시고 운영해주세요 검색해서 가게 앱 들어갈시 검색했던 음식이 메뉴 제일위로 올라오는 시스템이라던가...
131,윤소아,5,2025년 4월 5일,"배*, 요** 등 배달앱에서만 줄줄이 금액을 인상하는 업체들을 보고 의아해서 깔아나보자 싶은 마음에 다운받게 되었습니다. 어플이용은 생각보다 괜찮고 배달업체와 식당에서 자꾸 권유하는 건 그만한 이유가 있지 않을까 싶어 꾸준히 이용해보려해요. 예전에 사용했던 공공앱과 비교해보면 생각보다 사용하기 크게 어려움은 없네요. 다만 배*과 요** 의 음식 품질과 서비스가 다르다는 걸 느낀 소비자로서(같은 업체임에도 요**보다 배* 의 음식에 신경을 더 써준다는 걸 많이 느낌)땡겨요로 주문을 해도 좋은 품질과 서비스를 제공해주는지는 더 이용해봐야 알 것 같아요. 퀄리티가 떨어지는 음식을 갖다주는 업체를 보게 된다면 굳이 돈 조금 아껴가면서 땡겨요를 사용할 의미는 없으니깐요.//역시나 첫주문부터 단골업체인데 타어플에서 30분을 넘겨본적이 없던 곳인데 60분 타이트하게 채워서 배달오네요. 이렇게 달라요."
132,기모뎅,2,2025년 2월 23일,과대광고. 앱 알림이 많이 오는데 할인 한다고 알림이 오면 막상 하나하나 눌러보면 할인적용 되지 않아서 찾아보다 지쳐버림 괜히 시간낭비임. 화남. 신규가입 첫주문 혜택을 기존 가입자들에게 알림이 오게끔하노. 할인광고 들어가면 일단 5000원 빼고 계산해야됨. 번거롭네
133,JEONGJU정주,1,2025년 3월 23일,시스템때문에 기사님 번호를 바로 알수없는건 알겠는데 음식 기사가 픽업했는데 계속조리중이라 뜨고 이게 한집배달인지 이집저집 다들리는건지 알수도 없고 뭐 두번은 안쓸듯 수수료낮다해서 상인분들에게 좋은앱이니까 써봐야지 했는데 걍 배민쓸래요.... 스트레스받는날 맛있는거 한번먹으려다 스트레스 더 쌓임 ㅎ
134,이루다,5,2025년 5월 4일,가끔 멈추고. 화면 하얗게 변하고 합니다. 예전엔 가계가 몇개 없어서 쓰려하다 못썼는데 가게가 늘어서 좋구 온누리 된다는것보고 심장이 벌렁거렸습니다. 다만 찾기가 너어어어어어어무 힘들어서 온누리 필터라던지 지도상 가게 찾는기능이 있으면 좋겠습니다.
135,야채없는야채호빵,4,2025년 4월 24일,다 좋은데 베달 불가능한 집은 목록에 안나와줬음 좋겠어요ㅠㅠㅠ 메뉴 다 고르고 맛있다 ㅎㅎ 하고 계산하려고 보니까 베달 가능 지역이 아니에요. 라고 뜨면 얼마나 속상하고 짜쯩나던지... 식당 메뉴 들어갈때마다 아무 메뉴 장바구니에 넣어놓고 여기 배달되나 확인하는게 스스로가 웃기더라고요... 이것믄 고치면 넘 좋은 앱일것같아요
136,최영,1,2025년 6월 8일,배송시스템에 문제가 많은듯합니다. 더운날이나 추운날 맛나게 열심히 만드신 식당음식을 배송문제로 음식의 질이 떨어진다면 크레임은 식당쪽으로 할테니 말이에요. 배송시작후 30분은 기본이며 문앞도착전에 완료버튼도 누르고 아주 문제가 많아요
137,박김례,1,2025년 5월 8일,한번 주문했던 가게는 안보이기 설정 가능하게 해줘라. 절대 다신 안시킬건데 계속 보이는건 어플 지우고 싶게 만든다. 안시켜본 가게 가려달라는것도 아니고 한번 시켜서 경험 해본 가게만이라도 기능 넣어줘
138,Tae Yoon Kim,2,2025년 4월 28일,"땡겨요를 최근 써보면서 느끼는건데, 벨 누르지 말고 현관문에 놓아달라고 적어놔도 배달원 5명 중 대략 4명은 벨을 누르시네요. 이걸 가게 사장님한테 따질수도 없는 노릇이고 뭐 어떻게 해야할지 모르겠군요. 어느 배달원분은 그래도 문자로 사과를 하셔서 신경을 안쓰려 했지만 계속 이러한 실수를 반복하면 땡겨요 말고 차라리 배민을 쓰는게 낫겠어요. 요청 사항이라는걸 만들었다면 그 기능이 제대로 작동하도록 더 신경 써주시는게 참 서로서로 좋겠죠? 앞으로도 어떻게 하는지 지켜보겠습니다."
139,Vggfghhhgvb,5,2025년 7월 1일,"배민의 독과점이 너무 싫어서...자영업자 수수료가 가장 저렴한...이 앱만 사용합니다. 독과점은 공급자, 수요자에게 모두 불리하게 작용합니다. 모두들 땡겨요 앱을 사용해서 힘을 보태주세요."
140,이춘만(친절한춘만씨),5,2025년 6월 27일,"업주분들이 수수료땜에 힘드셔서ㅡ직접배달하시고 문자주시더라구요 배뮌ㆍ죠기요ㆍ쿡퐝 대신에 지역배달어플이랑 땡겨요 두 가지로 주문부탁을 직접하시더군요 땡겨요는 신한에서 시작한건가요? 아무튼 혜자스럽길 바랍니다 수수료든, 쿠폰이든"
141,한플라워,5,2025년 6월 25일,이벤트 저렴하게 시킬수 있고 또 사업자들 수수료가 적다니 더욱 이용하고 싶은데 아직 활성화가 안되어 있네요
142,RockCrab_Sinabro (RockCrab_Sinabro),5,2025년 6월 27일,할인도 되고 가게도 수수료 부담을 줄이는 어플으로 알고 있어서 자주 이용하게 되네요
143,연하늘,5,2025년 7월 7일,배민과 요기요를 삭제했어요. 다른 앱 다 필요없어 ㅎㅎㅎ 온누리상품권 가능! 아동급식카드 땡겨요 페이 등록 가능! 완전 최고에요! 👍
144,Zombie,5,2025년 5월 12일,앱은 참 좋은거 같은데 홍보가 덜 된거 같아서 없는 음식점들이 상당히 많네요 좀 더 홍보해서 많은 음식점들이 입점하면 좋겠네요
145,소금조금,3,2025년 6월 8일,"거리순 정렬이 안되는거 같아요. 거리순 정렬하고 맨 위에 가게에 주문했는데, 알고보니 먼곳에 있는 거게더라구요"
146,나,5,2025년 5월 22일,장바구니 여러 가게 담아놓을 수 있어서 편하고 좋아요 휴대폰 결제 기능도 있으면 좋을 것 같습니다
147,jh b,5,2025년 5월 16일,아산페이로 결제가능하고 너무 좋아요 홍보좀 많이해서 가맹점들이 많이늘어나면 좋겠어요 단골식당들이 많이없어서 속상하네요
148,황진하,3,2025년 5월 11일,"< 를 & lt; 로 단순 치환하는 레전드 고전 방식 처리로 리뷰에 <, > 같은 거 쓰면 & lt; & gt; 이딴 거 나옴 ㅋㅋ"
149,쌀떡국,5,2025년 6월 1일,할인도 많고 좋아요. 그런데 결제 시 보안키패드가 너무 못생겼어요. UI 하시는분들 키패드보고 우실듯?
150,mama fafa,5,2025년 6월 21일,땡겨요페이 첫주문 쿠폰 < 이게 땡겨요페이로 첫주문이 아니라 찐 앱사용 첫주문인 경우에만 적용이 되는건가요? 사용불가래서 엥..스럽습니다
151,seungmin lee,5,2025년 6월 13일,오늘 3번째 주문인줄알고 흥분했는데. 첫주문날짜가 지난달말이었음. 바보. ㅎ 쿠폰많아서 걍 평소2배로 배달시켜먹는중입니다.
152,slll yyy,5,2025년 5월 24일,"땡겨요가 잘 자리 잡았으면 좋겠어요. 자영업자 사장님들도 보람있게 시름없이 장사할 수 있고, 저도 과한 수수료로 파생된 가격 부담이나 괜한 죄책감없이 기분 좋은 식사를 할 수 있기를 땡겨요를 통해 기대합니다."
153,Yongyeol Kim,5,2025년 6월 15일,"지역사랑 상품권도 사용할 수 있어 덕분에 편하게, 그리고 저렴하게 맛있게 잘 먹었습니다"
154,김윰,3,2025년 7월 18일,앱을 들어가면 처음에 로그인 화면이 먼저 보였으면 좋겠어요 주소부터 입력하게 되어 있어요 로그인하면 주소가 있는데 주소입력후 로그인을 해야하니 불편합니다
155,이진수 (사과풍뎅이),4,2025년 4월 14일,배민에 찜 목록 옮기려고 분할 화면으로 사용하면 무한 로딩에 걸립니다. 여기서 뒤로가기를 하면 흰색화면으로 바뀌고 먹통이 됩니다. 기기는 s24 울트라 사용합니다
156,꿈tree,5,2025년 4월 20일,착한플랫폼 이용해야합니다. 최적화도좋고 사용도 간편해요. 입점가게가 엄청 많아져서 이제 이것만 이용합니다 다양한 할인쿠폰 이벤트도 있고 좋아요
157,ᅳᅳ,1,2025년 3월 13일,배달비는 엄청 비싼데 별다른 고지도 없이 여러건을 같이 배달 하시는 듯 해요. 가까운 매장에서 시켰는데 엄청 오래 걸리더라고요. 지역 추가금까지 있었는데 한참 걸려서 덕분에 다 식은 음식 받았네요. 이런 식이면 그냥 배달의민족 쓰는게 낫겠어요.
158,마무,5,2025년 3월 28일,지역상품권 쓰면 할인도 해주고 수수료도 낮아서 소상공인 분들한테 도움되는 앱이라고 들었습니다. 쿠폰도 많이주고 최고네요! 최근에 땡겨요만 쓰고 있어요 더 인기 많아지길 바랍니다.
159,임정아,5,2025년 6월 29일,반반 피자랑 오븐스파게티 같이 먹으면 너무 맛있어요. 어르신들도 잘 드셔서 좋아요.
160,유지원,1,2025년 7월 21일,가게에서 배달비 따로 받고 기사님한테 배달비 따로 청구합니다 분명히 배달비 포함된 음식 값 지불했는데 기사님한테 배달비를 따로 현금 지불하라고 합니다 땡겨요 페이 쿠폰 적용하려고 계좌 연동했는데 계속 적용도 안 됩니다 크게 실망스러워서 앱 삭제할 계획이고 다시 사용할 의향 없습니다
161,조미나,5,2025년 4월 1일,"좋은 점 하나, 지역화폐 사용 가능. 둘, 여러 가게 음식을 모두 장바구니에 담을 수 있다. 다른 사이트는 장바구니에 꼭 한 가게만 담아야하니 불편했어요."
162,이나현,5,2025년 3월 18일,"메뉴별 리뷰 기능이 생겼으면 좋겠어요ㅠㅠ 이 점만 제외하면 수수료도 적고, 할인이 많이 돼서 현재 가장 좋은 배달 앱이라고 생각합니다"
163,이로,5,2025년 4월 12일,아직 많이 입점하지 않았지만 좋아하는 카페를 5천원 할인되고 포인트도 자동 적립이 되는게 아주 좋네요. 소상공인들을 위한 어플일지는 아직 더 사용해봐야 하겟지만 저희 지역 상인분들이 잘 되면 좋으니 계속 더 사용 해보려 합니다~
164,PeaceNChicken,1,2025년 4월 8일,"지역화폐 연동되는거 빼곤 사용자 편의성이 여전히 나쁩니다. 족발카테고리에 스시가게 나오고, 무료배달 카테고리에 아닌 업체들이 노출되는 등 카테고리 안맞는 오류는 아직도 여전하고 일부 페이지는 뒤로가기 하면 마지막 검색위치가 아닌 최상단으로 올라가네요. 동일 메뉴 파는 꼼수 숍인숍 가게좀 조치했으면 좋겠어요. 사용자는 불필요한 스크롤을 하게 만들고 업주들은 본인 가게가 노출 하단으로 밀려나는데 업체관리를 지금처럼 하는게 맞나 싶습니다."
165,뚱냥,1,2025년 7월 11일,배달 너무 늦고 고객센터 연결은 안되고 짜증남 한번 더 써보고 똑같으면 사용할 이유가 없을듯
166,이채열,5,2025년 7월 1일,첫주문인데 생각이상으로 좋았어요 토핑을몇가지 추가했지만 내용이 알차네요 맛있게잘먹었습니다.
167,김애라,5,2025년 7월 7일,음 좀 디자인이 별루 할인쿠폰있는게 너무 좋지만 홈페이지가 너무 빈약해요
168,차차차,5,2025년 7월 17일,다른 앱보다 가격저렴하고 쿠폰이나행사도 늘어나서 너무좋네요
169,정의진,5,2025년 7월 4일,최적화 필요/리뷰 읽으면서 개선좀 해주새요 벌써 100만명 유저가 생겼네요 1000만명이상까지 화이팅 합시다
170,김동광,5,2025년 4월 9일,자영업자 분들에게 조금이나마 도움이 된다하여 사용해보았습니다. 불편함 없습니다.시간좀 지나면 1등앱으로 자리잡을거라 확신합니다.자영업자분들 화이팅!!
171,박맘보,5,2025년 7월 20일,지역사랑카드도 쓸수있고 자주 사먹는 배달집들도 여기가좋대서 써봅니다. 꽤 괜찮았는데 첫구매쿠폰은 쿠폰못쓰고 구매했으면 그냥 삭제되거나 아니면 18000원이상이 아닌 10000원부터 사용가능했으면 좋겠어요. 어플 오류인줄알았는데 아니었네요.
172,기본개인,2,2025년 6월 29일,네이버페이 삼성페이 결제완료해도 주문창으로 넘어가지 않네요 쏠페이만 되네요
173,EUNYOUNG NAM,5,2025년 7월 4일,할인혜택 많아서 좋아용 앞으로 배달앱은 땡겨요입니다!!
174,김도우,5,2025년 7월 13일,배달앱에서 만나서 결제가 사라져서 아쉽지만 지역화폐 이용 가능해서 좋음
175,네비봄,5,2025년 4월 2일,좋은 취지이고 첫주문 쿠폰을 줬는데 가입후 며칠동안 쓸곳이 마땅찮아서 사용을 못하고 있었어요... 자영업자분들과 상생하는 취지라니 돕고싶지만 더 많은 가맹점유입이 필요해보입니다.. 평상시 즐기던 주변 맛집이 너무 없어요...ㅜㅠ
176,ᓚᘏᗢ,5,2025년 7월 3일,문의 넣었던 거 삭제나 수정 기능이 있으면 편할 것 같습니다^_^...
177,k jw,1,2025년 7월 15일,와이파이 정상인데 결제화면에서 로딩이 1도 되질 않네요
178,가나다,3,2025년 4월 5일,불편한 점 1. 가게에서 메뉴 검색 기능이 없음 2. 이벤트 등을 할 때 어플 내에서 해결되지 않고 신한은행으로 넘어가는 경우 종종 있음
179,이현동,5,2025년 6월 16일,넉넉한 양념에 콕 콕콕 찍어 먹으니 더 더 더 더욱더 맛있네요 요청사항 귀기울여 맛있게 조리해 보내 주셔서 감사드려요
180,이우치 (우치칯치),4,2025년 4월 24일,"2025/4/24 배달 배차가 불가능하다고 주문 취소가 되었습니다. 배달 시스템을 개선하고, 음식점에 수수료 많이 떼지 않는 걸 어필하면 사람들이 점점 더 쓸 것 같아요. 2022/8/6 국민은행 카드 결제 진짜 더럽게 안 되네요. 쿠폰만 다 쓰면 다신 안 쓸래요. 아 쿠폰도 첫주문+쿠폰 =9000원 할인이라고 적어놓고 막상 결제할 땐 쿠폰 1종만 적용 가능 해놨던데 양심 없는듯."
181,AHN DIDI,5,2025년 5월 11일,홍보할때 첫/재주문 쿠폰 가격은 제외하고 보내줬으면 합니다. 카카오톡 알림은 보통 재주문을 넘긴 실사용자들이 대부분일텐데 말이에요. 이제는 더이상 들어가지도 않게 됩니다.
182,와세상에,5,2025년 3월 15일,"리뷰이벤트음식을 시켜서 리뷰를 작성했고, 올렸습니다. 그런데 사진을 함께 올리지 않은걸 뒤늦게 확인한 제가 리뷰를 삭제하고 다시 작성해 올리려고 하였습니다만...리뷰 작성이 안되어서 사장님께 너무나도 죄송하게 되었습니다....3일 내에 리뷰를 지웠다면 다시 작성이 가능하게 되었으면 좋겠습니다..하지만 그것과 별개로 앱은 잘 쓰고 있습니다..!"
183,김찐빵,5,2025년 4월 30일,지역화폐 사용 가능한 곳입니다. 할인율도 좋아서 자주 사용해요. 가맹점이 많이 늘어나길
184,도움(헤르테나),5,2025년 3월 14일,예전에 다운받아서 둘러봤을땐 입점한 식당이 얼마 없어서 사용을 못했는데.. 오랜만에 와서 둘러보니 신규식당이 많이 늘었더라구요! 배민에서 넘어가렵니다 ^^
185,Hv _,4,2025년 3월 26일,텍스트나 버튼 하나하나가 너무 크고 음식점 목록도 사진때문에 한 화면에 정보가 몇개 안들어옵니다 (많아야 한 화면에 음식점 2-3개)
186,김영섭,5,2025년 7월 12일,2만원이상 3번 1만원쿠폰도 좋구요 첫번째 두번째 도 쿠폰 좋았어요 앞으로도 쭈욱 좋은.이벤트 부탁드립니다
187,김승희,5,2025년 6월 25일,배달도 맛있지만 직접오셔서 먹는거추천!!! 치킨값 가성비좋고 맛도 최고!!! 후회안하실거에요~~~
188,Rude lee,5,2025년 7월 12일,가끔 로딩속도가 느려지는거 말고는 만족합니다.
189,김동숙,3,2025년 7월 16일,배달중 위치확인도 되면 좋겠어요. 타앱에서 확인하다 안보이니 답답하네요
190,하이,5,2025년 3월 31일,"배민이 앞으로 사장님들에게서 수수료를 더 많이 떼어간다길래 이쪽으로 옮겨왔는데, 가게가 조금 적은 것 빼고는 만족하고 있어요. 배민과는 달리 여러 가게(메뉴)를 장바구니에 담을 수 있는 게 너무 좋아요."
191,정은별,5,2025년 4월 20일,"자주 잘 시켜 먹습니다. 한가지 아쉬운 점은 수저 안 받기, 배달원 분들께 노크X, 벨X 버튼 같은거를 추가 해주시면 좋을거 같아요"
192,Hinatea J,1,2025년 3월 23일,소음공해 오토바이 신고!- 번호판 사진찍어 112 문자신고 또는 구청에 문자신고. 시끄러운 소음공해 배달 오토바이 좀 안오게 해주시길 바랍니다! 법적 제재 대상입니다. 대행업체에 주기적으로 경고 좀 주시길 바랍니다. 이웃에 민폐이고 정말 스트레스 받네요!
193,zenson jung,1,2025년 5월 4일,온누리상품권 이벤트는 하고 사용가능한 업소만 따로 검색하는 기능은 없어서 1대1문의한지 3달이 지났지만 전혀 넣어줄 의지가 안보이네요 ㅠㅠ
194,Dragonfly,3,2025년 3월 11일,땡겨요페이통장 포인트 추가적립 혜택도 없어지고 행운을 땡겨요 쿠폰도 배달비 500원 쿠폰만 계속 나오고 이제는 무료배달 되는 타 배달앱에 비해 메리트가 전혀 없네요. 솔직히 이젠 더 이상 이용 안할거 같습니다.
195,si z,3,2025년 4월 13일,리뷰 쓰는방법도 고객이 찾아야 되는게 힘들고 땡겨요 페이 통장 쿠폰은 방법에 맞게 잘 한것 같은데 계속 맞는 결제 방법으로 선택하라고 하면서 사용이 되지 않음 여러모로 불편하거나 개선할 점이 많이 보입니다
196,_ lyzz,1,2025년 6월 23일,지역화폐 잔액 0원으로 뜨시는 분들 2025년 5월 13일부터 지역화폐 결제는 일반 충전 및 사용으로 발생하는 인센티브와 충전금액만 사용 가능하다고 합니다 나라에서 주는 지원금은 사용 못 한다는걸 문의 해야 알려주네요 ㅋㅋㅋ
197,구수현,5,2025년 6월 27일,점점 UI가 좋아지고 이썽요. 쓰기 편해요
198,장유정,5,2025년 5월 23일,"원하는 메뉴,음식점 찾기 편해요.우리나라 앱이라 이것만 이용중."
199,사이버온기,5,2025년 4월 3일,배달 플랫폼 독점 타파합시다~~ 가게에서 수수료 엄청나게 뜯는 그 플랫폼이요. 땡겨요를 수도권에서 많이 써야 지방쪽에서도 원활하게 쓸 수 있어요. 지방에서 땡겨요 켜도 배달 시킬 수 있는 곳이 정말 없어요
200,윤상기,3,2025년 5월 27일,"1,가게가 별로 없어여 2,리뷰사진을 하번에 못올려요 3,사진 3장만 올릴수있네요"
201,NR K,4,2025년 5월 23일,배달주소 관리탭은 있으나 배달주소 수정이 불가한 등 자잘한 불편이 많아요 빠른개선바랍니다
202,이효진,2,2025년 5월 24일,지역 경제살리기? 라고해서 깔았는데 배ㅁ이나 요기ㅇ랑 다를거 없이 결제 금액은 똑같네요 수수료 부담이 적다고 광고하는데 다른 배달 어플이랑 가격이 똑같은건 혹 그 수수료를 배달 시키는 쪽에서 내는건가요?ㅋㅋ 이럴거면 그냥 자주시키던 배ㅁ이나 요기ㅇ 시킴 의미없음;;
203,박지우,5,2025년 5월 13일,앱에서 가게 버튼 누르면 메뉴 뜨는게 평소보다 느려졌어요ㅠㅠ
204,이경숙,5,2025년 5월 23일,배달도 빨리 해주시고 포인트도 주시고 할인 쿠폰도 주셔서 좋은거 같아요
205,참참이재헌참참이재헌,4,2025년 6월 15일,땡겨요 2년정도 사용해봤는데 가게 취소가 너무 많아요 그게 단점 입니다 더 사용 해보고 그때 판단 하겠습니다
206,코스모스,2,2025년 6월 17일,입점 브랜드가 많이 많이 없어서 아직까지는 이용 빈도가 적어요
207,박정현,4,2025년 6월 8일,아직 매장수가 적고 불편한점이 조금 있지만 독과점 회사들에 대한 작은 저항으로 사용합니다
208,ᄋᄋ,1,2025년 5월 28일,"경기지역화폐로 결제하려하는데 안됨;; 관련 질문 확인 가능한거도 없고, 공지도 없고, 카드를 바꿀수도 없고;;;"
209,김상 원,5,2025년 5월 28일,신한 땡겨요는 처음 이용해봤는데 할인쿠폰 많이 주셔서 너무좋네요. 근데 할인쿠폰 줘도 쿠팡이츠 하고 쌤쌤이고 할인쿠폰 안주면 쿠팡이츠 보다 같은 음식이라도 훨씬 비싸지니 땡겨요에서 할인쿠폰을 얼마나 시행할지가 관건인듯 합니다.
210,최윤호,5,2025년 6월 10일,"할인을 많이 해줘서 좋고, 충전해서 쓰기 편해요"
211,bang bang,5,2025년 6월 18일,배달앱 변경으로 조금이나마 사장님들에게 부담은 덜어주고 도움되는 어플같아 자주쓰려고요
212,ᄋᄇᄋ,5,2025년 6월 11일,잘 쓰고 있어요 타 배달 플랫폼들은 소비자하고 자영업자 빨아먹으려는 구조인데 아직 생긴지 얼마 안되서 그런지 주는것이나 정기고객 늘리려 노력하는거같고 이벤트에서 쿠폰이나 할인되는 금액까지 포함시켜주는거보고 배x보다 몇배는 낫다 생각했네요 굿굿
213,산호구름,4,2025년 4월 15일,"좋아요. 그런데...가게 종류가 너무 부족해요. 사장님들께 도움된다길래 되도록 배민 대신 쓰려고 하는데, 배민에는 있고 여기 없는 게 너무 많습니다...조금만 신경써주셨으면 해요ㅠㅠ"
214,무밍무,2,2025년 4월 7일,"일단 타 업체에 비해 배달이 참 오래걸립니다; 상생앱이라 뭐가 좀더 나을지 써봤는데 아직까진 큰 메리트를 못 느끼겠네요.. 배달팁 여전히 비싸고 최소주문 높고, 그런데 배달은 훨씬 느리고.... 굳이 이걸 써야할까요."
215,노바진,1,2025년 7월 13일,항상 뭔 이벤트니 할인이니 광고 보고 들어가보면 신한카드 만드는 조건이라 그냥 짜증만 내고 나옴.
216,이시호,5,2025년 7월 6일,"처음 사용해 보는데 할인 혜택이 좋아서, 자주 이용해 보려고 합니다"
217,Jay Jung (Jay.Max),5,2025년 7월 15일,배민이 싫어서 대체앱을 찾았는데 예전보다 등록된 업체가 늘어서 더 좋아졌어요.
218,iigyo,5,2025년 7월 13일,결제하려고 앱카드 어플에서 비밀번호까지 다 쳤는데 결제가 안 돼요ㅠㅎ
219,상록수,4,2025년 6월 29일,좋은데 배달동선이 실시간 안보이는게 흠이에요.
220,ᄋᄋ,5,2025년 6월 28일,좋아요 🥰🥰 수수료도 낮고 참 좋은 앱 같아요!
221,천악칭,5,2025년 7월 6일,땡겨요 첨 인데 맘에 들어요 좋네요 많이 애용 하겠습니다 번창 하세요
222,박영규,5,2025년 7월 18일,친절하고 배달도 빠름 단맛 좋아하면 금상첨화
223,남taeyang,1,2025년 7월 7일,어플이 재대로돌아가는지 확인은하냐? 멀눌러도 무한로딩된다
224,김영희,5,2025년 7월 19일,정부지원 할인혜택 을 받고 주문하기도 쉬어요 나이든사람도 치킨을 두번이나 시켜먹었어요
225,캔디,4,2025년 7월 15일,땡겨요가 초창기라 가맹점이 다양하진 않으며 배달 현황도 매칭이 전혀 안되요 조리중이지만 배달기사가 벨 눌르고 떠나는중
226,H S,4,2025년 7월 10일,이벤트해서 좋아요 근데 주소 바꿔도 검색이 안되요 한식 양식 카테고리 눌러서 찾고있긴한데 불편해요
227,원종식,5,2025년 7월 4일,좋은 배달앱이예요~얼른 타배달앱 넘어서주세요^^
228,도준김,5,2025년 7월 20일,진짜 너무 좋은 앱입니다 감사합니다 덕분에 행복한 저녁이 될 것 같아요 감사합니다
229,조성구,5,2025년 7월 4일,아주 좋아요. 두번째 주문했는데 모든것이 정말 맘에들어요. 다음에 또 주문할께요.
230,Tairy lee,1,2025년 6월 26일,하얀색 화면만 뜨고는 실행 안돼요ㅠㅠ
231,미니미니밀크S,5,2025년 7월 3일,소상공인을 위한 소비자를 위한 앱인거 같아요.많은 사람들이 애용했으면 좋겠네요.
232,김성인,5,2025년 7월 18일,오 사용도 간편하고 혜택이 다양해서 좋아요!!
233,G Friend,1,2025년 7월 21일,아니 땡겨요쿠폰 500원만나오는것도 별론데 그거마저 자동적용 안되서 적용안됐네 와 ㅋㅋㅋㅋㅋ 진짜 개 빡치네 아니 당연히 적용해줘야지 하...
234,강애숙,5,2025년 7월 6일,배민/요기요보다 저렴한 메뉴들이 있습니다
235,관우반쪽,4,2025년 6월 27일,지역카드도 되고 좋아요 좀더 많은 가게가 있었으면 좋겠어요
236,게임마스터신우석,5,2025년 3월 24일,"이 어플의 진정한 목적은 사장님들이 다른 배달어플들 보다 가격을 저렴하게 해주든지 다른 서비스를 더 줘야 여기로 주문하는 사람들이 많아지고 그렇게 상생하려는 목적으로 생긴 어플인데 사장이란 사람들이 다른 배달어플이랑 똑같이 해서 쓰고있으니 ㅋㅋㅋ 댓글들 보면 죄다 주문적게 들어오니 어쩌니 하는데 애초에 이 어플의 수수료가 다른 배달앱들보다 월등히 싼 이유가 사장님들이 자체적으로 고객과 상생해서 가격이나 서비스 품질을 올리라고 적은 수수료 받는건데 그냥 ""수수료 적게받네 여기로 주문들어오면 걍 개꿀"" 이라고 있으니 전체적으로 주문 수량이 적어서 안되는 겁니다. 사장님들은 타 어플의 높은 배달료 탓을 하기 전에 전화주문이나 수수료 적은 어플 사용시 소비자가 얻을 수 있는 혜택을 제공해야 점점 그쪽으로 사람이 몰리고 사장님들이 비싼 배달어플 갑질에서 벗어날 수 있을텐데 이렇게 기회를 줘도 그럴맘이 없어보여서 그저웃김ㅋㅋㅋㅋ"
237,김종성,5,2025년 6월 5일,햄버거는 항상 여기서만 먹네요 패티도 맛있고 감자튀김도 바싹하니 맛있어요
238,변순애,1,2025년 6월 22일,너무 느리고 쿠폰을 주는건지 헷갈리게 해놓고 결국 쿠폰해땍 못받음 배민시키지말고 땡겨요 사용해달라해서 깔았는데 별로에요.
239,mouse dirty,5,2025년 4월 14일,쿠폰도 많이 주고 배달료도 싸서 잘 이용하고 있습니다. 많은 점주분들이 얼른 이 어플도 많이 알아주셨으면 하는 마음입니다 ㅎㅎ 20번 시켜먹었는데 적립 포인트 5천원정도 쌓여가요 ㅁㅊ
240,클로브,3,2025년 6월 6일,"할인 이벤트를 많이 해서 좋은데 배달기사님 위치가 안나와서 배송지연이 되어도 언제 도착인지, 아니면 어디쯤 왔는지 알 수가 없고 무작정 기다려야 합니다..."
241,악왁,1,2025년 6월 14일,스크롤 오류 좀 고치세요 땡길수가 없잖냐 기타 버튼 먹통 뒤로가기버튼 안되는것도
242,조수현,5,2025년 3월 8일,다른 배달앱보다 가게에 더 도움된다고해서 땡겨요로 갈아탔어요!!아직 입점가게가 적지만 앞으로 더더 많아질꺼라 기대합니다!!
243,김현민,5,2025년 3월 15일,이왕이면 땡겨요에서 배달 시켜 먹어요~ 다른 배달앱보다 수수료 작아요. 쿠폰도 많이 줘요~아직 홍보가 안된것 같아 아쉬워요~
244,연서라,5,2025년 5월 3일,다함께 배x 갑질에서 벗어나시죠. 배달비도 적지만 가격자체도 더 저렴합니다. 가격비교 해보세요.
245,김범주,5,2025년 4월 29일,할인쿠폰도 많고 타 배달앱보다 가격도 저렴하고 배달도 빠름! 아주 굿!
246,Changdong Kim,4,2025년 5월 6일,법인폰 본인인증은 신한인증서로만 가능... 요즘 대부분 법인폰 본인인증 다 가능한데 이건 폰번호가 본인 명의가 아니면 다른 인증 방법은 다 막혀있고 신한인증서 인증으로만 가능함... 주소 입력 안하면 주소입력 하라는 안내가 아닌 배달불가 지역이라고 나옴 주소입력 필수...
247,성윤정,1,2025년 4월 30일,배달 시키고 싶어서 주문 취소 계속 당해서 시킬 수가 없어요. 무슨 시스템인지 모르겠지만 사용할 수가 없네요.
248,SHine Please,5,2025년 4월 29일,배달 어플로 사용해보았는데 좋아요.^^ 자영업자 님들 배달 수수료 부담 적어서 안심하고 사용 중입니다. 감사합니다.^^
249,정드림이,4,2025년 5월 5일,사용할수있는매장이 많았으면 좋겠고 배달비 할인혜택이 조금 아쉽네요
250,조은희,4,2025년 5월 2일,다 좋은데 휴대폰결제 할 수 있게 해주세요. 카드결제도 좋지만 휴대폰결제도 부탁드립니다
251,러추보가갇,1,2025년 5월 3일,아니 쿠폰을 줄거면 제대로 주던가. 20000원 쿠폰에 첫주문(5000원) 포함해서 표시하면 제대로 준거냐? 그냥 15000원 쿠폰으로 표시하던가. 그 쿠폰은 계속 쓸 수 있는데 첫주문 5000원은 지속되냐? 그냥 쿠폰 등록은 첫주문 빼고 표시해라
252,HS Lee,5,2025년 5월 29일,"저렴한 배송비, 퀵배달! 땡겨요로 환승합니다~^^"
253,곽곽보상,5,2025년 7월 18일,정말 부드럽고 맛있어요. 냄새도 안나고 막국수도 맛있어요.~~^^
254,27 6,1,2025년 6월 20일,"머저리들이 만든 어플이다 결제창에서 경기지역화폐 사용하려 지역사랑상품권에서 요구 금액만큼 정확히 입력하고 결제 눌렀더니 잔액이 없단다 가진 카드는 각각 15만원,5만원인데 천 원도 결제가 안된다 이 어플은 머저리들이 만든 어플이 확실하다"
255,이미성,4,2025년 7월 12일,등록 업체가 많진 않아요~ 이 어플이 활성화되길 바랍니다
256,이현영,5,2025년 6월 28일,부담없이 어플 이용할수 있어서 좋았어요.. 할인쿠폰 좋아요~~굿
257,정선원,5,2025년 6월 25일,배달앱 쓰기 좋은거 같습니다. 자주애용할께요
258,정유빈,1,2025년 6월 23일,서울페이랑 연동시킬 거면 제대로하던가 엄마랑 계정 헷갈려서 어플에 연동 시키는 오류는 뭡니까? 가뜩이나 배고프고 시간없어서 빨리 고르고 결제하는데 결국엔 결제도 연동된 엄마 페이로 결제했습니다. 특정 방식으로 충전한 돈이라 다른 사람한테 선물도 못 주고 내가 써야되는데 썩어문드러지게 생겼네요
259,자유로운영혼,4,2025년 7월 13일,잘 쓰고있는데 현금영수증 처리 안되네요. 개불편함.
260,우오옷,5,2025년 6월 27일,잘쓰고 있습니당 그런데 만나서 카드결제 버튼이 왜 없나요?
261,치즈,2,2025년 6월 26일,소상공인도와준다고 쓰긴쓰는데 가격이 더싼것도아니고 같은데 배달도착은 보기도힘들고 시간도 늘 틀리고 메모도안지키고 굳이 이걸써줘야되나싶다
262,김파이,4,2025년 4월 27일,몇몇 상점은 아직 가입전이라...제가 즐겨찾는 맛집은 아직 리스트에 없네요.
263,신현아,1,2025년 5월 4일,뭐 이런저런 핑계로 다 주문 취소됩니다. 쿠폰을 발행하질 말든가 주문 취소하면 업체들에 패널티를 주든가. 고객이 괜히 거지처럼 구걸하는 느낌입니다. 앱 개발사?나 업체나 엄청 무책임하네요.
264,Only On,2,2025년 2월 17일,지역상품권들 때문에 쓰고 있지만 배달비 따로 비싸게 붙고.. 무엇보다 불편한건 배달원 위치를 볼수가 없고 집근처인데 90분걸린다면 진짜 90분 60분 걸린다면 진짜 90분이나 60분 딱 맞춰서 옵니다 집근처인데 그러는건 다른이유가 있겠죠.. 첫화면에 메뉴 찾기전에 터치를 몇번이나 해야해요 주소가 맞냐고 왜그리 물어보는지.. 리뷰할때 사진도 한개씩 올려야하고 개선좀 해주세요
265,꼬당,5,2025년 7월 10일,응원합니다! 휴대폰 결제도 가능하게 해 주세요!
266,정환,2,2025년 6월 11일,지역화폐 가능한 것 때문에 앱 좀 사용해보려 했더니 초반에 좀 되다가 저번부터 계속 지역화폐 앱에서는 보이는 잔액이 땡겨요 앱에서 지역화폐 사용하는 곳에 들어가면 잔액이 0원으로 떠서 사용 불가 쿠폰마다 사용 조건이 명시되어 있지 않아서 쿠폰 사용하려고 할 때마다 여러번 눌러보면서 되는지 안되는지 확인해야함 소상공인 분들이랑 배달기사님들 살린다는 내용으로 떴으면 그걸 소비자에게 인가되지 않을 수 있게 최소한의 시스템은 구성되어야 한다고 생각합니다
267,이영호,5,2025년 6월 9일,소비자와 판매자 원윈하는 어플. 쿠폰이 많이졌으면 좋겠네요. 번창하길 바랍니다.
268,T GX,3,2025년 5월 21일,대행사랑 연동이 안되는지 배달 완료 됫는대도 땡겨요에선 완료 처리가 안되서 리뷰쓰려면 좀 불편하내요 ㅇㅇ..
269,응가,1,2025년 6월 16일,오늘부터 갑자기 앱이 안들어가져요. 시작화면에서 무한로딩뜨다가 접속오류가 떠요
270,하하하,1,2025년 5월 18일,음식 가격이나 배달비도 배민하고 똑같은데 써야할필요가 없음 소상공인수수료를 덜떼면 음식 가격이라도 싸던가 배달비라도 싸야지 쓰지 똑같은데 이걸왜씀
271,고문경,5,2025년 6월 21일,휴대폰결제가안되는게 흠이지만 할인쿠폰등은 맘에든다.
272,양영모,5,2025년 5월 16일,포인트도 많이 쌓이고 다른 배달 어플보다 좋네요
273,오동통통너굴,4,2025년 5월 17일,가게까지의 거리와 가게의 평점도 무조건 있어야합니다
274,김 혜영,5,2025년 6월 12일,이용하기 쉽고 지역화폐되고 아주 좋네요
275,박병일,5,2025년 6월 16일,음 일단 소상공인을 위해서 쓰는거 좋죠 근데 상인들은 음식값을 쿠팡이랑 똑같이 올려놓고 배달비까지 올려놔요 그럼 저희는 같은 가격에 쿠팡을 쓸까요?아님 배달비까지 주고 이걸쓸까요 ? 최소한 쿠팡보다 음식값은 가격이 낮아야 배달비 주고라도 시킬거 아님니까~ 지역상품권 사서쓰면 되지라구 하시면 저도 사고싶죠 근데 품절이라 살수도 없어요 글구 상품권 15퍼할인이라는데 배달비가 삼사천원 나가면 쿠팡보다 더비싸게 구매하게되요 상품권을 사지못하면 같은 음식값에 오히려 배달비만 더 나가구요 이러면 안시키게 되고 악순환이죠 상인분들도 수수료 적게 나가면 음식값에 녹아있는 배달비는 어느정도는 좀 빼고 가격을 올리셧으면 합니다 제가 배달비까지 내도 쿠팡이랑 가격이 같아야 배달을시키죠 더비싸면 이걸쓰는 의미가없어요 ~~~~~~
276,닭발에 소주한잔,1,2025년 7월 17일,경기도 지역화폐로 들어온 지원금으로 배달시킬려고 하니까 잔액이 없다네요. 지원금은 결제 안되니까 이 앱 쓰지 마세요.
277,장은미,5,2025년 6월 12일,이런 배달앱이 활성화되야 한다 수수료도 적고 다회성 용기 회수하는거 처음 겪어보고 감탄했네요 더 많은 업주님들이 참여하시길!
278,EUIYONG PARK,5,2025년 5월 30일,합리적인 소비를 도와주는 좋은 앱입니다.
279,정윤식,5,2025년 5월 20일,배송이 빠르고 상품의 품질에 만족합니다 번창하세요
280,김애영,2,2025년 6월 9일,배너 이것저것 다눌러봐도 볼수가없어옷 페이지가 안떠요
281,Kenny Kim,5,2025년 5월 10일,타 배달앱 대비 부족한것 없는것 같습니다. 악덕 앱들의 화려하고 불필요한 기능들 별로 필요 없잖아요?
282,몽판,1,2025년 6월 15일,어플 접속안되고 지우고 재설치해도안됨
283,Gold Cloud,2,2025년 5월 10일,지역상품권 할인 방법이 좀 번거로워요 결제시 상품권이 자동으 적용될 순 없는 건가요
284,김종경,5,2025년 5월 13일,배달수수료저렴하고 같은음식저렴하게먹을수있는 땡겨요!소비자도좋고 자영업사장님들도좋고!이번에다른앱다지우고 땡겨요설치했네요.사장님들 어려운시기에 힝네세요~가족들에게도 앱이용하라고 톡할꺼에요!*^^*
285,종현김,3,2025년 5월 19일,주문취소를 못하는게 너무 불편하네요 주문을 취소하려면 가게 사장님한테 전화를 해야 하는데 안받으면 못하고 고객센터도 전화를 안받으면 어떻게 해야 하는거죠?
286,C Ha,1,2025년 6월 14일,쿠폰 적용시켜도 계속 오류만 뜨고~ 주문하다가 열폭하고 앱삭제하려고요^^ 배민보다 싼것도 아니고~ 인테페이스가 편리한것도 아니고~ 특별한 포인트 적립이 있는것도 아니고~ 기존 배민 유저가 땡겨요를 쓸 이유가 뭐죠? 아무 메리트가 없는데요? 그냥 소상공인이 부담하던 수수료를 소비자가 내는것 뿐인데? 제가 잘못 판단한건가요? 제가 틀렸다면 소비자 입장에서 배민보다 땡겨요를 써야할 이유를 알려주시겠어요?
287,장쥬,4,2025년 6월 20일,만나서 결제할수있는 시스템을 마련해주세요 회사에서 법인카드로 결제하고 싶은데 불가능해서 다른 어플을 쓰게 됩니다
288,사자무인,1,2025년 5월 9일,좀전에 사용하려고 했는데 토스뱅크도 안되고 결재가 많지않아서 사용못했네요
289,곽지원,5,2025년 6월 7일,좋아요 깔끔하고 근데 가게 메뉴 검색창좀 만등너주세요 ㅜㅜ
290,Jessi.k Lee,5,2025년 6월 8일,배달이 너무나 느려요. 몇집을 들리고 오는건지.
291,김진태,1,2025년 5월 10일,할인 명목으로 홍보해놓고 주문취소 몇번을 당하는지... 계좌이체로 돈 더 보내라는 곳도 있었음. 이럴 거면 왜 할인한답시고 홍보하는 거임? 관리좀 하세요
292,두부야뭐해,5,2025년 6월 19일,땡겨요 사용중인 호시타코야끼 신림점 사장입니다.그나마 중계수수료도 적게 가져가시고 좋은 어플로 보입니다 땡겨요 리뷰 보고 주문하셨다고 남겨주시면 타코2알 더 드릴게요 자주 이용해주셨으면 좋겠습니다 :)
293,맑음,5,2025년 5월 26일,온누리상품권 이용할수있는 매장이 많이생겼으면 좋겠어요
294,Timothy Lim,4,2025년 6월 16일,다른 앱보단 못하지만 회원 요금 없이 쓰기엔 가성비가 좋습니다
295,행복한상상,1,2025년 6월 18일,주소 입력이 안됩니다. 그래서 사용을 못했어요.
296,전용모,1,2025년 6월 3일,배민 쓰다가 땡겨요 어플 광고보고 여러번 주문햇는데 판매하시는분들 수수료가 배민보다 싸고 서로 상생한다해놓고 배달비는 똑같이 받으면 .. 상생이 맞나 싶네요 허허
297,김종호,5,2025년 6월 21일,다양한 쿠폰 덕분에 자주 애용합니다!
298,캔디,5,2025년 6월 15일,땡겨요 주문 늠나 편리하구 혜택두 많아 좋아요.
299,Nevaeh Halo,1,2025년 7월 2일,검색 그리고 화면이동시 메인화면에 1만원 쿠폰 팝업과 같은 광고는 매우 거슬려요. 어플 실행시 한번 띄워지는 정도가 좋을텐데(이미 메인에서 보이긴함) 점점 배민처럼 변해가네요.
300,장지유,4,2025년 6월 8일,아직 가게들이 별로 없어서 좀 아쉬워요. 하지만 꾸준히 이용하다 보면 늘겠죵 ㅎㅎ
301,mp790809 hongmanpyo,1,2025년 7월 15일,설치완료 -> 어플실행 -> 동내위치 검색 -> 화면반응없음(카테고리안나옴) 사용불가네요 어떻게 해야 합니까
302,Ra Yan,5,2025년 3월 17일,가게도 전보다 많아졌고 배달 걸리는 시간도 비슷하다면 수수료 비싸게 떼어먹어서 상호 곤란한 다른 배달앱보다 땡겨요를 쓰는 게 낫죠
303,zion j,5,2025년 4월 6일,"좋습니다 몇가지 건의드리자면 가게내에서 검색기능(음식메뉴 찾기), 만나서결제 기능 추가되었음 좋겠네요"
304,송영순,5,2025년 2월 21일,뭔가 깔끔한 느낌 ? 가격이 싼것 같기도 하고요.주문하기도 편해요.서울페이 된다니 열심히 모아서 사용해보려고요.
305,RAMA,1,2025년 3월 27일,배달 항상 너무 느림 배달 지연보상이 되는 것도 아니고 다른 어플들에 밀려서 배차 안되는듯 걍 제값주고 빨리 받는게 나은거 같습니다
306,김광섭,5,2025년 4월 19일,다른앱 사용할때 보다 사장님들이 수수료 덜 낸다고 해서 좋은거 같아요. 단골집엔 필수인듯 ㅡㅡb
307,SA P,5,2025년 4월 14일,가게 입점이 좀 적긴해도 잘 쓰고 있습니다. 다만 기타 결제시에 핸드폰 소액결제도 사용 할 수 있게 해주셨으면 좋겠어요.
308,EpicBlue Y (EpicBlue),5,2025년 3월 31일,"개인적으로는 배달 어플 중에 제일 괜찮다고 생각. 배쿠 횡포로 땡겨요 입점하는 가게가 늘고있는 듯 한데, 늘 응원하는 중~"
309,ᄂ연수,5,2025년 4월 20일,여긴 리뷰 올리고 나면 검증 같은거 해줘서 좋네요 악의적으로 리뷰 남기는 사람들이 적을 거 같은? 느낌이라서요 아직 입점된 가게들이 적어 살짝 아쉽고 배송지 쓰는 부분에 공동현관 번호 따로 적을 수 있도록 하는 것도 생겼으면 좋겠어요!
310,김수정,5,2025년 4월 5일,너무 잘 이용하고있어요 오천원 할인권 2개주셔서 바로바로 쓰고 지역화폐 되니 너무 편하내요~^^♡
311,금만익,5,2025년 4월 23일,배달하시는분께서 추천하시길래 가입해보았는데 사용하기 복잡하지않고 이벤트나 쿠폰도 잘줘서 맘에듭니다.
312,aily (벤투스),1,2025년 3월 20일,뭔가 기존 어플보다 쓰기 불편함. 무엇보다 기존 어플보다 비싼 음식점들이 많음. 하다못해 동일한 가격이어야 납득이라도 하지. 더 비싼 돈 내고 시켜야하는데 불편한 앱으로 주문하는건...
313,박정진,5,2025년 3월 28일,할인쿠폰도 많이주고 다좋은데 자기중심 반경에서부터 가까운거리 식당부터 표기 하면 안됩니까 너무 정리 가 안됩니다
314,삼촌,2,2025년 3월 7일,솔직히 소상공인 도움되는건좋은데 같은식당이라도 기존배달 앱들은 배달비가 500~3000원사이지만 이어플은 같은가게라도 6000원입니다;;;
315,Atom,5,2025년 4월 12일,"지역화폐 결제가 가능해서 기본적으로 할인을 먹고 시작하고, 배달공룡과 다르게 수수료도 낮아서 앞으로도 자영업자들에게 많은 도움이 되길 바라요~"
316,김가은,4,2025년 4월 7일,"꾸준히 쿠폰을 줘서 쓰긴하는데, 첫주문/재주문 5천원은 대체 언제까지 강조하실 예정인지...살짝 지겨워요"
317,김구구가가,5,2025년 4월 14일,만나서결제 있으면 더 잘 사용할거같아요ㅠㅠ 법인카드로 배달시키기 너무 어려워요!
318,Kuro Manju,2,2025년 4월 6일,결제방식이 너무 적어. 네이버 페이도 안돼고. 다른 플랫폼 수수료를 고스란히 소비자가 지게될거라며 권한 어플치고 그 다른 플랫폼들과 비교했을 때 음식값 차이도 없어. 이 플랫폼은 수수료 폭리가 없다면 음식값에도 반영할 것 처럼 이야기 하더니.
319,시크토끼,5,2025년 3월 3일,중복할인 그리고 지역상품권 사용가능한거 매우 좋음. 그런 것 조차 못하는 애들은 답이 없음.ㅉㅉ
320,하기동우리집,5,2025년 4월 1일,할인 많고 무엇보다 소상공인 상생이 좋네요. 한도제한풀리면 신한카드 주거래로 쓸게요
321,혜인,5,2025년 7월 12일,메뉴별로 리뷰 볼 수 있었으면 좋겠어요
322,정영현,5,2025년 3월 24일,어차피 먹는거 사장님들 장사하시기 좋은곳이면 좋겠어요 소비계층과 소상공인들이 피해없이 상성할수있는곳이면 땡겨요는 번창할꺼예요 모든 단골집이 땡겨요에 있다면 이곳만 이용할꺼예요
323,권예진,5,2025년 6월 27일,잘 쓰고 있습니다 지역화폐와 잔액연동이 안되는데 이건 왜 그럴까요?
324,남기홍,3,2025년 7월 19일,분명 배달료가 무료 였으나 배달기사분이 계좌번호 보냄-_-;; 그럼 그냥 무료라고 하지를 말던지 기분이 좀 그렇네요.
325,메리나,1,2025년 7월 19일,배민처럼 되는 배달지역이 많이 없어서 시킬곳이 잘 없고 내가 먹고 싶은 가까운 매장도 안뜸 쿠폰 조작인듯 이틀째 500원만 줌 그리고 만나서 카드결제가 없음 아직 부족한게 많은 어플
326,우혁명,3,2025년 7월 19일,여민전 결제가 되서 좋지만 좀 더 편하게 해줬으면
327,이뚜야,4,2025년 7월 18일,주문불가매장도 계속 담기가가능.ㅠ
328,박&*,5,2025년 4월 18일,지방이라 등록된 업체가 많이 없지만 다른 배달앱보다 저렴하고 행사도 많아서 만족합니다.
329,박준영,1,2025년 4월 3일,타 플랫폼보다 오히려 비싼 가격에 탈퇴 안내에 나온 경로에 탈퇴할 수 없음. 굳이 사용해야할 이유를 모르겠음
330,꿀기린(옐리옐리),5,2025년 3월 20일,수수료율이 2.2퍼인가 4퍼인가 아무튼 다른 배달어플대비 현저히 낮다고 해서 도움도 좀 될겸 깔아봤어요.
331,카리스마복,5,2025년 7월 9일,무더운 올여름도 아샷추와 다방커피로 잘 견뎌내보자구요^^
332,최상길,5,2025년 7월 5일,배달비 저렴해서 계속 주문할것 같아요.
333,정영수,5,2025년 7월 18일,가격좋고 맛나고 좋네요.
334,김경열,5,2025년 6월 29일,좋아요. 자영업자에게 도움이 된다합니다~
335,esther Kim,1,2025년 2월 6일,"앱에서 반복으로 튕기는 현상이 일어납니다. 제품을 선택했는데 앱이 닫히고, 배송현황 페이지를 펴서 기다리고 있는데, 앱평가페이지가 자동으로 열립니다.."
336,Lena,4,2024년 12월 8일,"업뎃한 후로 버벅대면서 결제창으로 안넘어가는 현상이 종종 발생됩니다 없는 가게도 많고요, 다른 앱에 비해 배달이 유독 늦게 와요... 배민의 경우 빠른한집배달도 아니었을때도 일찍왓는데 땡겨요어플로 주문하면 이상하게 주문이 밀리나봄.."
337,품교,1,2025년 5월 16일,2~3일전까지 지역화폐로 잘 결제하면서 사용하고 있었는데 현재 37만원이 남아있는데 앱 오류인지 모르겠는데 0원밖에 남아있지 않다고 지역화폐로 결제가 안되네요
338,항재전장,2,2024년 9월 19일,"첫주문쿠폰 안 되네요. 광고 보고, 어플 깔고, 개인정보 입력에, 폰인증에, 로그인까지했는데 첫주문 쿠폰 사용이 안 되네요... 땡겨요에서 분명 주문 내역 1도 없는 처음 주문인데요. 고객센터 문의하니 2년 전에 가입만 한 내역이 있어서 안 된다고 하네요. 근데 가입과는 무관하게 광고에는 '첫/재주문 1만원 할인' 이렇게 쓰셔서 낚였네요. 다른 분들은 시간 낭비 안 하시도록 광고와 다른 내용 수정 바랍니다."
339,자비,5,2025년 5월 23일,편리해요 다만 아직 검색하면 안나오는곳도 있네요
340,짜증을내어서무얼하나,3,2025년 7월 11일,배달시간 갱신 안함? 가게에서 안하는거임 앱에서 안하는거임? 열받네 ㅋㅋ
341,이다원,5,2025년 6월 12일,"아직 개선해야될 부분은 많지만, 우리나라 기업이 우리나라 자영업자와 국민들을 위한 취지로 만든 플랫폼이니까 초심 잃지말고 잘 운영해주세요! 배ㅁ같은 양아치 기업이 되지않으리라 믿습니다! 믿음에 배신하지말아주세요 신한!!"
342,Rae Co,3,2022년 11월 1일,오류로 접속이 안되는 경우가 많아요 지금도 안되네요 주문할 가게도 많지 않고 다른 배달앱에선 배달가능인데 땡겨요만 배달인원이 없다며 주문취소당한적이 여러번입니다 일부는 이유도 알려주지 않고 가게가 일방적으로 주문취소를 하는데 땡겨요는 아무 조치가 없습니다 신생앱인데 이런 경험이 쌓이면 이용을 꺼리게 됩니다
343,유지훈,3,2025년 5월 11일,업체가 많이 없어요. 오늘 파파존스 땡데이라고 쿠폰 생겼는데 집(구로) 회사(성수) 두 곳 모두 준비중으로만 뜨네요. 가게들 관리를 좀 더 하셨으면 좋겠어요.
344,쫌비,3,2022년 11월 18일,땡겨요의 제일 큰 단점은 결제과정임 간단 결제.카카오페이.토스.페이코 에 길들여진 게으른 소비자들은 요즘 카드도 어디 짱박혀둬서 어딨는지 찾다 귀찮아서 걍 안먹고 맘. 할인율이 쎄지만 버거킹과 KFC경우 타 앱에서도 동일하게 할인하는 경우도 크고 본사앱도 할인중이라 귀찮게 카드 뒤지는것보다 이미 등록된 앱에서 결제하게 됨.한 4번 켰다가 귀찮아서 4번 다 결재안하거 꺼버림.
345,gw,4,2024년 11월 29일,"잘 쓰고 있습니다. 다만 타임세일 이건 좀 문제가 있는 게 사장님할인쿠폰과 함께 혹은 선택해서 사용할 수 없으니 가게측에서 가게쿠폰 사용을 막을 용도로 사용되는 경우가 있는 것 같아서 아쉽네요. 쿠폰 쓰려고 해도 매일 타임세일 해 놔서 쓸 수가 없어요. 또 한 가지, 사장님 할인쿠폰 받는 화면에서 쿠폰 하나를 다운받으면 화면이 맨 위로 올라가버려서 쿠폰 여러 개 받을 때 좀 불편합니다."
346,꺟하핳꺄하하핳,3,2025년 2월 11일,"우선 가맹점이 타어플에 비해 많이 없음. 지역상품권, 온누리 사용가능점은 좋음. 다만 첫 가입때나 주는 5천원을 항상 포함해서 최대가 타령으로 광고하는게 굉장히 짜치고, 볼때마다 어이없고 킹받아서 앱 끄고싶어짐. 마치 언제까지고 앱쓰는 사람이 1도없어서 (or유입될 사람조차 없어서) 1회용마냥 신규밖에 쓸일이 없게 보이겠단 의지로까지 보임. 배ㅁ요ㄱㅇ도 이렇게는 안하겠다... 그리고 앱이 계속 튕겨서 재고반영도 잘 안됨. 솔직히 지역상품권이 아니었다면 안쓸듯."
347,신용채,1,2025년 2월 20일,"쿠폰 주는거 정말 좋습니다 제가 살고 있는 지역은 배달료가 가깝든 멀든 5,000원이라 첫 주문 쿠폰의 장점이 없습니다. 첫 주문 쿠폰+자체 쿠폰 사용시 효율이 좋습니다. 한집 배달이 없어서 차로 3분 걸어서 10분 거리에 있는 음식점에서 배달로 20분 걸려서 식은음식 드시는거 좋아하시는 분들은 사용하셔도 좋을 것 같습니다. 저는 다른 배달앱 사용하겠습니다"
348,문지혜,4,2022년 9월 6일,"쿠폰 다운을 두번해야되서 사용기한 놓치기쉬워요. 이벤트에서 쿠폰을 받으면 당연히 내 쿠폰함에 있고 사용기한에 사용할수있다고 생각할텐데 거기서 쿠폰다운을 받아야 진짜(?) 내쿠폰이 됩니다. 쿠폰사용기한 남아있어서 다운 안받고 있었는데 없어졌길래 문의했더니 이벤트끝나서 받을수가없다고 답변받았네요. 그런식으로 일처리할거면 쿠폰함에 사용기한과 별도로 다운가능기간도 만들어놔야죠. 이벤트도 많이 한다고 좋아했는데 정작 혜택을 못받으니 억울하네요. 쿠폰다운 두번씩 안하고 그냥 바로 내쿠폰 되게 해주세요 저같은 사람 많이 생겨서 혜택 못받게하려고 하는건지 왜이렇게 만들었는지 모르겠어요 -------------------------------- 방금 문자로 고객님, 땡겨요 지역확대 이벤트에 참여해 주셔서 감사드립니다. 땡겨요에서 준비한 쿠폰 받으시고 즐거운 하루 마무리하세요! 하고와서 들어가보니 이벤트쿠폰이 다운처리되어있네요. 다른쿠폰도 개선된건지 원래 수정하던게 이제 반영된건지 모르겠지만 감사!"
349,노놉,2,2023년 3월 9일,배달비는 타어플과 차이없거나 더 비싸고 할인행사가 타어플보다 많지도 않고 서비스하는 매장수는 적고 매장별 리뷰도 보기 불편하게 되어있고 장점이 당췌 뭔지... 무엇보다 결제수단이 너무 적어서 불편해요... 인간적으로 네이버페이랑 카카오페이 둘중 하나정도는 있어야 하는거 아닌지;;;
350,최희준,5,2025년 5월 4일,주문 할 가게수가 타 배달 앱보다 적은것 같네요. 점포수가 많았으면 좋겠네요
351,y. a Cho,5,2025년 6월 15일,"타사 쿠× , 배× 보단 괘아나보이는듯.. 수수료를 너무들 뜯어먹는거 같아여 ㅎ"
352,ing meyong,5,2025년 5월 7일,혜택도 다양하고 많아서 좋습니다. 오래 유지되면 좋겠네요
353,루나,1,2022년 10월 5일,아니 이건 뭐 앱이 맘 내킬때만 되는건지; 어제도 로딩만 45분 걸렸는데 이게 서버 접속이 안된다며 강제 종료! 뭐 메인 화면?이라고 해야 하나 거기서 더 이상 넘어가질 않네요?? 업뎃도 해보고 하도 안되길래 삭제 후 다시 깔아도 봤는데 역시나 소용없음; 이걸 쓰라고 만든건가요...?
354,똥개똥,5,2022년 5월 16일,"앱 자체는 크게 불편한 게 없습니다. 다만 입점 가게가 적고, 겨우 골라 주문해도 가게 측에서 땡겨요 주문 건은 취소 후 타 배달 앱으로의 주문으로 유도하는 경우가 많아 사용에 어려움을 겪습니다."
355,엄지은,5,2025년 5월 5일,배달료도 싸고 쿠폰이 쏠쏠해서 좋아요 저희 지역은 들어온 가게들도 많아서 검색하면 다 뜨더라고요
356,changmin lee,5,2025년 5월 19일,다른 배달앱 보다 좋아요. 많이 알려지길
357,bluedot,4,2022년 8월 26일,다 좋은데 스크롤 할때 너무 끊겨요. 화면이 내가 원하는대로 움직이지 않는 불쾌한 사용감으로 속터지고 스트레스 받는데 다시 사용하고 싶을까요? 화면이동이 스무스하게 되는게 시급할듯 합니다!
358,qmffk,5,2025년 7월 19일,사진 변환 실패가 떠서 첨부가 않대요 왜 일까요...
359,RW KO,1,2024년 12월 14일,휴게소에서 첫주문 할인 광고 중인데 qr코드로 찍고 웹사이트에서 결제까지 완료하였으니 당연히 주문이 된줄 알았는데 앱설치하라고 뜨고 앱 설치하니 주문내역 없음. 웹사이트에서는 주문내역 확인 불가. 식당에 물아보니 주문들어온 거 없다고 하고픈 10분 뒤에 카드 취소 내역 날아오네요. 짜증이 나서 진짜.
360,CorePro,5,2022년 9월 14일,"아직 얼마 안되서 아쉬운 부분이 있긴 하네요. 푸쉬알림을 통해 앱을 실행하면 무한로딩... 장바구니에서 수량 선택 or 수정이 가능하게 하면 편할 것 같아요. 2개 담아져서 하나만 주문하려면 장바구니에서 삭제해버려야 하거든요. 다른 앱에도 없는 기능이긴 하지만, 배달비 낮은순 상위노출을 위해 장난질(예 : 20만원 이상 주문 시 배달비 무료, 1만원 이상 주문 시 배달비 4,500원)하는 가게들을 걸러내기 위한 배달비 검색 항목에 (예시) 최대 3,000원인 가게만 검색 가능한 기능이 있으면 너무 좋을 것 같습니다. 가게 리스트 주르륵 나오면 다 배달비 무료~ 적혀있는데 들어가면 최대 3,500원, 최대 4,500원... 무료는 8만원 이상 주문 시? 무료 배달비가 얼마 이상이어야 한다 그런게 싫다는게 아니고, 실질적으로 배달시키게 될 주문금액의 배달비가 우선 노출이 되거나, 적어도 배달비 무료라고 상위노출에 나와있으면 안된다는 것이죠."
361,K Gon,1,2022년 10월 17일,오류 엄청 많아요..로그인도 계속 안되고 자꾸 오류라고 뜨고요.... 주문하고 결제까지 했는데 1 시간이 훌쩍 넘어도 음식이 안와서 매장에 확인하니 매장에는 주문 내역도 안넘어 왔다네요. 정말 앱 엉망입니다. 이런 배달 앱은 처음 경험하네요.
362,오인석,5,2025년 4월 26일,다 좋은데 온누리상품권 사용처 카테고리 따로 만들어주셨으면 좋겠어요
363,박창영,5,2025년 7월 9일,항상 잘 시켜먹고 있습니다
364,김명하,5,2025년 7월 9일,배민 버리고 땡겨요 써요. 더 많은 업체들이 등록했으면 좋겠어요
365,정해정,5,2025년 5월 9일,배달 포장 뿐만 아니라 매장에서 먹는 것도 할 수 있다니 놀랍네요.
366,오몽이,1,2022년 6월 7일,고객센터 있느니만 못하네요. 어플은 둘째치고 서비스가 구립니다. 고객문의는 관심없고 빨리 쳐버리려고 문의 내용중 별거아닌 질문한문장 골라서 그것만 답변하고 고객이 궁금해하는건 답변절대안함. 어쩌잔건데요? 문의글 작성하려고 사진까지 등록하며 글 2개작성했는데 전혀 관련없는 답변만 올리고. 서비스 진짜 안좋아요. 고객센터 이용하는 의미가 없어요. 참고하세요.
367,nemo none,4,2023년 9월 16일,서울페이로 결제 안됩니다. 안된다는 댓글에 대댓글 달아주신 방법 확인하고 다시해봤는데도 안됩니다. 갤럭시 노트 10플러스 사용자구요. 서울페이 사용안되면 큰 문제아닌가요? 개발자가 조취를 빠르게 취하셔야 할것 같습니다. 이럴거면 다른 배달앱 사용하죠. 뭐하러 땡겨요 사용해요.
368,채영,5,2022년 11월 3일,"하루에 한 번씩 땡겨요 기능도 있고 전 너무 잘 쓰고 있습니다 가게 수가 계속 많아지는 것 같고 초반에는 좀 적었는데 그 부분 때문에 불편함은 못 느꼈어요 다만 (가게 직원분들, 라이더분들도 볼 수 있는 붙여서 오는 영수증)에 내가 얼마나 할인을 받아서 주문했는지가 나오는데 이게 너무 민망하더라구요 ㅎ..... 이러는 이유가 있는 게 아니라면 꼭 고쳐졌으면 좋겠습니다 ㅠㅠ +배달지가 주문과정에서 추가, 목록 중 선택할 수 있는 게 아니라 my 단계에서 그때그때 원하는 배달지를 추가해놓고 주문을 시작해야 하는 것도 불편함이 있는 것 같아요"
369,손정준,5,2025년 6월 18일,대박 맛집 발견 정말 맛있어요 양도 정말 많아요
370,이현일,5,2025년 4월 17일,배달료가 저렴합니다. 굳이 구독이 필요 없습니다 할인도 자주 합니다
371,문승원,1,2025년 7월 5일,분명 롯데리아에서 버거시켰는데 토핑이건 뭐건 싹다 기초임 심지어 버거조차도 불고기버거골랐는데 베이컨 불고기로 바껴있음 이건 진짜 배달앱중에서도 심각한 오류임 진짜 이거 고칠거 아니면 앱 내리는걸 추천함
372,TRO K,2,2022년 12월 26일,"sol이 설치안되어있으면 서울페이 결제가 안되고 계속 앱 설치하라고 메세지가 뜨네요. 그리고 포인트 적립 안되게하려고 꼼수로 서울,제로페이를 포인트로 옮긴 것 같은데 미리 안내도 없이 치사한 느낌이 듭니다. 이러다보니 문제도 발생하고 여러모로 아쉽네요. 응원하던 앱이였는데"
373,연주,4,2022년 12월 14일,오늘의 사장님 할인 탭에 들어가서 가게 정보 들어갔다가 뒤로 버튼을 눌러서 다시 탭에 들어오면 설정해둔 정렬필터 초기화 및 맨위로 올라가는 현상 고쳐주셨으면 좋겠어요. 다시 스크롤 내리는 게 번거로워서 이용하기 싫어집니다.
374,최세창,3,2025년 4월 19일,쿠팡이츠 무배쓰는 입장에서 자영업자 살리는 동시에 무배라는 말에 땡겨요 가입을 했지만요 쿠팡이츠랑 배달 메뉴판 가격이 같고요 배달료 측정되어 있어서요 실제적으로는 땡겨요는 소비자 입장에선 비싼데요. 그리고요 배달원이 어느위치에 와있는지 볼 수가 없고 요리가 도착했음에도 완료를 누르지않아서요 리뷰 달성까지 너무 오래 걸리네요 요청사항으로 벨 누르지 말라고 하였으나 두번다 벨을 눌러주시는 이럴꺼면 요청사항 부분 삭제가 맞다 싶네요. 광고가 잘 못 된 것 같네요. 가족 배달시에는 배달료는 더 할인해줘야 할건데요 가능한겁니까?
375,이소윤이혜인,5,2025년 7월 15일,쿠폰 많이 주셔서 반값 가까이 할인받고 치킨 시켜 먹었어요! 지방 지역의 가맹점 유치에 더욱 신경 써주시면 좋겠어요~
376,레쯔비,1,2024년 6월 6일,가게사장님들 수수료가 작다는 마음에 가입하고 이거 쓸려고 했는데. 솔직히 취지는 좋았지만. 가게사장님들은 아닌가봐요. 다른배달앱이나 요거나 음식가격은 같고. 배달비는 받고 소비자입장에서는 유리한점이 하나도 없네요. 소비자랑 업주랑 서로가 개선해 나가야 되는 부분인데. 개발자분은 좋은 취지로 만드셨지만 무지 안타깝습니다.
377,Minseo Kang,5,2024년 12월 27일,너무 잘 사용하고있어요. 다만 라이더분들 위치가 실시간으로 나오면 좋겠습니다. 원래는 10분 미만 이동거리가 묶음 배달을 하시는지 벌써 30분이 소요되고있어 즐거운 식사하기에 기분이 조금 망쳐질거같네요ㅜ묶음배달이면 묶음이라고 나오면 좋겠습니다.
378,good luck,3,2021년 12월 26일,사용하기 쉬웠으나 아직 가맹점주들이 사용이 어려운듯하며 식당이 별로 없어서 아쉬움 아직 앱 느낌이 좀 덜 완성된 느낌으로 디테일한 디자인이나 느낌을 완성할 필요가 있음 제로페이 상품권 사용 가능한건 좋긴하나 홍보가 많이 되야할듯
379,CH,3,2023년 12월 13일,기본적인 기능은 주요배달앱은 최소한 따라갔으면 좋겠다 특히 배달원 위치확인같은 것들. 이게 없으니 정말 엄청 답답하다. 그리고 대부분 지역화폐를 사용하는 사람들인데 억지로 신한은행 사용자들 대상 할인만 하는데 마케팅팀이 뭔가 크게 착각하는것 같음. 지역화폐를 이용하는 사람들에게 솔을 이용하도록 만드는 방식의 마케팅을 해야지 완전 따로 놀고 있음. 마케팅의 목적도 모르겠음 배달할인쿠폰 하려고 신규 적금상품을 들것같나요? 정신좀 차립시다.
380,HOJUN Mr,1,2025년 7월 19일,쿠팡이 더 좋음 가맹점들한텐 좋을지 몰라도...
381,김병구,4,2025년 2월 19일,"저만 그런지는 모르겠는데... 알림을 앱푸시, sms, 이메일 모두 선택해야 알림권한 승인해 달라는 알림이 안 떠요. 셋 중 하나만 승인해도 되도록 수정해 주세요."
382,조까,5,2024년 10월 3일,아직은 식당이 많이 없어서 존버 중입니다.. 그리고 배달 말고 포장도 가능하게 해주셨으면 좋겠습니다 포장 가능한 곳이 위생이 괜찮다고 해서 그걸 보고 고르거든요 그리고 한집이 너무 중복적으로 이름만 바꿔서 여러개 뜨는데 이건 개선 안 되는지요?
383,함재현,4,2025년 3월 16일,제 주변으로 가게가 보였으면 좋겠고 가게들이 더 많아졌으면 합니다
384,채희곤,5,2025년 4월 17일,땡겨요 어플 쉽고 편하고 대박나세요. 열심히 홍보 부탁드림니다.
385,옥도리,5,2025년 6월 28일,할인이벤트 자주해서 좋음
386,kyungtae,1,2025년 2월 11일,한번쓰고 지워버릴려다가 도저히 안쓸수가 없게 만들어서 리뷰남김. 주문전에 배달 34분 걸린다고 나왔는데 주문하고 나니까 70분으로 바뀜. 취소도 안됨. // 90분 지났는데 아직도 안옴. 업체 전화도 아예 안받음. 식구들 모두 배고프고 돌아버릴거 같음. 이거 만든 신한은행도 짜증나서 안쓸거 같아짐. // 90분 약간 넘겨서 왔는데 허니콤보가 아니라 더싼 간장치킨이 왔네요 업체는 전화안되고 고객센터는 금욜저녁이라 며칠쉴테고.. // 그담주 화요일에 땡겨요랑 통화했더니 업체사장이 맞는 음식 보냈다고 했다면서 해줄 수 있는게 없다네요 ㅎㅎ 이래서 대형업체 쓰나봐요. 1부터 100까지 다 개판입니다
387,이민우,1,2025년 7월 21일,쿠팡이츠보다 저렴하다고해서 가입했는데 치킨업체 가격 몇개 비교해보니 배달비하면 똑같은데요? 결론은 괜히 깔았다.
388,M K,4,2025년 7월 20일,오누리 사용하기 좋아요 근데 가맹점이 너무 없네요
389,C썬,3,2025년 7월 8일,굳이 이 앱을 깔아야하는 이유를 아직 잘 모르겠지만 일단 보류
390,요도크,5,2025년 7월 2일,소상공인과 상생할수 있는 어플 같아요. 다주 이용할거예요
391,qmffk,5,2025년 7월 19일,사진 변환 실패가 떠서 첨부가 않대요 왜 일까요...
392,_ d,1,2025년 3월 21일,마라탕 재료 열심히 고르고 결제하려는데 배달 가능 지역이 아니라고 떠서 다른 곳에서 열심히 고름 결제하려니 또 배달 가능 지역이 아니라고 뜸 ㅋㅋ 배달이 불가한데 저한테 왜 뜨나요 걍 삭제했습니다 점주들한테 도움되니까 써달라는 말보단 소비자가 사용하기에 편하게 만들어주세요.....
393,J처리,2,2022년 10월 19일,할인잘되고 검색이랑 다 좋은데 앱 자체가 앱 자체가 문제네요.. 접속 안될때도 있고 지금도 접속 로딩에서 넘어가질 않아요.. 저녁시간때라 트래픽문제인가 싶다가도 아닐때도 앱이 엄청 무거워져요. 해결이 좀 필요해 보입니다. --------------------------------- 앱 수정 됬다고 확인하고 리뷰 수정하라고 메세지왔길래 확인하고 앱 들어갔는데 ㅋㅋ 주문화면에서 버튼도 안눌러지고 재접했더니 접속오류 다시나고 뭐가 바꼈을까요??? 별점 2개 준것에서 더 떨어질거 같아요..
394,AM FM,5,2025년 7월 20일,좋네요 상인들을 배려하는 중개어플
395,김경열,5,2025년 6월 29일,좋아요. 자영업자에게 도움이 된다합니다~
396,김진석,4,2025년 4월 13일,그럭저럭 쿠폰도 좀 주는 편이고 지역화폐 결제가 편하게 되어있어서 좋음
397,전상빈,1,2025년 4월 8일,눈이 불편해서 음성지원을 사용하는데 배달 어플들 중에서 최악으로 불편하네요.
398,김명,5,2025년 7월 8일,국물좀 주시면 더 좋을듯해요
399,최철 (최샘),5,2025년 7월 8일,다양한 토핑의 맛있는 국물 떡볶이
400,채희곤,5,2025년 4월 17일,땡겨요 어플 쉽고 편하고 대박나세요. 열심히 홍보 부탁드림니다.
401,나대박,5,2025년 5월 12일,"어중간한 자영업자가 망하는 이유 적은 수수료 공공앱을 만들어주면 뭐한댜 할인은커녕 배달비, 최소주문 금액은 더 높고 어이없음 ㅋ ---------- 오늘 타 앱으로 주문했는데 손바닦만한 코팅종이에 매출에 대략 30%가 수수료니 땡겨요나 전화주문을 요청하면서 상생이 어쩌구하는 메세지가 있던데 어이없네 아직도 정신 못차린듯 최소한 최종 결제할때 100원이라도 저렴해야 주문을하지 솔직히 지도보면서 실시간 확인 가능한것도 아니고 가격이 저렴한것도 아닌데 상생나불되면 오히려 역효과다 정신좀 차리자 땡겨요 앱이 아깝다"
402,C썬,3,2025년 7월 8일,굳이 이 앱을 깔아야하는 이유를 아직 잘 모르겠지만 일단 보류
403,한글을아름답게,5,2025년 6월 28일,알차게 잘 사용하고있어요 만족해요
404,정진,5,2025년 2월 27일,"배달할때 젓가락빼주세요 옵션 밑에 ""치킨무,단무지 빼주세요"" 옵션 추가해주시면 좋겠어요. 안먹어서 늘 메모하는데 어쩌다 까먹고 받게 되면 그대로 버리니까 넘 아깝고 죄송하더라구요~ 부탁드립니다^^"
405,HOJUN Mr,1,2025년 7월 19일,쿠팡이 더 좋음 가맹점들한텐 좋을지 몰라도...
406,eui seok hong,4,2025년 3월 16일,"어플은 나쁘지않습니다만, 아직 여러가게 종류가 다양하게 많지 않습니다..참고하시면 좋을것같네요"
407,M K,4,2025년 7월 20일,오누리 사용하기 좋아요 근데 가맹점이 너무 없네요
408,옥도리,5,2025년 6월 28일,할인이벤트 자주해서 좋음
409,jh jh,5,2025년 4월 21일,배민이 식비 물가상승의 주범에 배민클럽 뭐시기로 판매자나 소비자 둘다 기만한다는 생각이 들어 땡겨요로 다시 돌아오려 합니다(실제로 같은 특정 식당 가격이 지나치게 올라서 요기요에서 검색해보니 오르기전 가격으로 되어있네요). 다만 오랜만에 주문하니 배민에서는 배달 오는 식당임에도 요기요에서 배달가능 지역이 계속 아니라고 나와 당황했어요. 로그인하고 주소 등록하니까 해결되었어요. 요기요가 첫 주문이 아닌데도 로그인도 풀려있고 주소도 다시 지정해야하고 이런 식이면 다른 앱 UI에 익숙해진 고객들을 끌어오는데 한계가 있을 거 같아요. 맛스타 리뷰도 아이디어는 참신하긴 하지만 전 일반 고객들의 현실적인 리뷰가 궁금하거든요. 시각적으로 리뷰 찾아보려고 하는데 맛스타인지 UI구성이 오히려 별 내용도 없는게 시야를 번잡하게 하면서 진짜 찾고 싶은 정보를 방해하는 느낌을 받았어요. 얼핏보면 맛스타만 보고 리뷰수가 이것밖에 없어??이런 오해도 생길듯요. 여러모로 맛스타를 구석으로 배치해주심 좋겠어요.
410,Quyền Lâm,3,2025년 4월 11일,너무 많이 튀긴건지 이전에 먹던거보다 스트롱하고 맛이 이전과 다르네요. 다음엔 다른걸시켜야겠네요
411,shine sun,5,2025년 7월 7일,상생카드 이용 가능해서 너무 좋아요
412,요도크,5,2025년 7월 2일,소상공인과 상생할수 있는 어플 같아요. 다주 이용할거예요
413,전상빈,1,2025년 4월 8일,눈이 불편해서 음성지원을 사용하는데 배달 어플들 중에서 최악으로 불편하네요.
414,달빛,1,2025년 7월 20일,쓰레기앱입니다 별 0개입력이 안되서 1개로 체크하는데 일단 고객센터 관리가 안됩니다 19일 저냑 치킨 주문을했는데 2시간이 넘어도 배달안되서 24시간 운영한다는 고객센터 먗십분 동안 붙잡고.통화시도하다 결국 매장직접 통화했는데 취소해주겠다고 해놓고 음식도 안받았는데 배달 완료로 처리함 다음날인 오늘도 고객센터 통화 몇십분 동안 시도하는데 연결안됨 기본적으로 고객센터 운영이 관리 안되는 앱은 쓰레기 맞음 최악임
415,조민준,5,2025년 7월 9일,주문자(쿠폰많음)나 배달업자분들(수수료 낮음)을 위해 땡겨요 어플을 사용하세요~
416,김명,5,2025년 7월 8일,국물좀 주시면 더 좋을듯해요
417,Jiyoung PARK,1,2025년 4월 5일,타 배달앱처럼 배달현황 gps 지원해주시면 좋겠습니다 직접 수령의 경우 시차로 어려움이 있습니다
418,메브,5,2025년 7월 13일,너무너무 맛있어요 라이더님도 고맙고 크림스프 맛이 살짝 나면서 정말 맛있어요
419,이범수,2,2025년 7월 8일,아니 심심하면 취소시켜 버리네...장난하는것도 아니고 가게 교육을 하든가...
420,David lee,1,2025년 7월 13일,무료배달이 너무적어 ㅠ
421,뚱이요크셔,1,2025년 7월 20일,복날이라 찜닭 먹을까하고 처음 써보려 했는데 검색창 무한로딩.. 속터져서 걍 쿠x이x로 주문함
422,심경환,5,2025년 7월 17일,수수료 적은 땡겨요 최고!
423,박정이박정이,5,2025년 4월 7일,"아직 가게가 많지는 않지만, 가게에도 도움 된다니 가급적 땡겨요 사용예정"
424,이찬희,1,2025년 7월 5일,얘들은 앱도 똑바로 안만들고 운영을 하네
425,AM FM,5,2025년 7월 20일,좋네요 상인들을 배려하는 중개어플
426,운전병,1,2023년 7월 6일,어플이 많이 이상하네. 다른 모든 배달어플들 1.5km거리도 배달 나오는데 여기는 2~3km 거리 가게들 나오고 주문하려니까 배달가능지역이 아니라네 300m거리에 있는 가게도 배달이 안된다하면 뭘 쳐먹으란건가요?? 배달이 가능한 곳만 나오게 해주세요. 죄다 배달안된다는데 뭘 먹으라는거야
427,dertrabonian grac,1,2025년 7월 9일,포인트 모으기는 첫날되다가 왜 다음날부터 바로 안되는건지.. 일부러 막나요?
428,쩡이리규,3,2025년 6월 27일,베플 수수료가 낮아? 비교해봐 똑같은데ㅡㅡ 멀보고 낮다는거냐
429,이진선,4,2025년 7월 10일,배민이나 쿠팡이츠보다 배달이 훨씬 오래걸리네요?? 배민으로 다시 돌아가려구요
430,Lee JongHyuk,2,2025년 7월 1일,온누리 상품권 결제 된다고 하고선 온누리 결제시 땡겨요 첫 화면으로 혼자 넘어가버림
431,Jiyun Lee,5,2025년 6월 28일,배민이 자증나서 갈아탔는데 잘 탄듯합니다^^
432,홍예찬,1,2025년 6월 26일,꼭 쓸라하면 안됨 앱 자체가 불안정함 걍 쓰지마세요 필요없음 걍 배x 쓰자 ㅇㅇ
433,ace Jerry,5,2025년 7월 2일,지역 화폐 사용이 가능해서 다른앱보다 좋아요.
434,최철 (최샘),5,2025년 7월 8일,다양한 토핑의 맛있는 국물 떡볶이
435,이민우,1,2025년 7월 21일,쿠팡이츠보다 저렴하다고해서 가입했는데 치킨업체 가격 몇개 비교해보니 배달비하면 똑같은데요? 결론은 괜히 깔았다.
436,노트10,1,2024년 5월 11일,배달 앱인데 배달 되는 가게가 진짜 1개도 없음. 몇 분 몇 시간을 하나씩 다 눌러봐도 막상 결제할려고 들어가면 배달 가능 지역 아니라고ㅋ. 이럴거면 배달 표시에서 싹 다 없애버리던가 사람 호구 만드는 것도 아니고 ㅋ 배달 안되는 걸 된다고 표시해두고 시간낭비하게 만드는 앱. 배달 앱이 아니라 포장 앱으로 바꾸면 인정할게요 ㅋ
437,이상렬,5,2025년 7월 19일,이런저런 실질적인 혜택이 많아 좋으네요^^
438,김연하,3,2022년 10월 19일,"코드502가 계속 뜹니다 다른 앱들은 잘만 돌아가는데 계속 네트워크 오류 떠서 삭제했다가 다시 설치 반복중이에요 왜 계속 이런가요~? 여러 프로모션을 해서 그건 좋은데, 빠른 개선 부탁드립니다"
439,Park Hyungoak,5,2025년 7월 19일,지역화폐를 쓸 수 있다는 건 큰 장점입니다.
440,White,2,2025년 3월 28일,하나 궁금한게요 결제수단에 다른 앱들은 다 있는데 왜 토스뱅크만 없나요? 제가 토스뱅크를 자주 이용하는데 토스뱅크도 만들어 주시면 안되나요?
441,정지원,5,2025년 3월 17일,판매자. 구매자 모두를 위해 번창했으면 좋겠어요~ 쿠폰도 많아서 좋아요^^
442,김영선 (사막별),5,2025년 4월 3일,다른 배달앱과 비교해도 서비스가 결코 뒤지지 않는 듯...자주 이용할께요
443,구루펏,5,2025년 5월 22일,리뷰로 사진올릴때 2~3개 올리고 싶어도 사진1개당 업로드 시간이 30초라 업로드 시간 단축 요청드립니다
444,InAS,3,2022년 6월 19일,"쿠폰도 다양한 채널로 뿌려주시고, 배달료도 상대적으로 적게 측정되는 곳이 있어서 입점처는 적지만 그래도 개발진이나 자영업자가 고객에게 혜택 주려나 싶어서 조금이라도 보탬될 겸 가끔 혜택도 이용하려고 사용중이었는데. 오늘만 카페 두 곳에서 주문을 하려하니 한 곳은 배달지연, 한 곳은 배달불가지역으로 취소를 때리시더라구요. '최소 주문금액이 아닌 주문을 많이 시켰으면 과연 취소가 됐을까?' 의구심이 들었고, 정말 가게 사정이었는지 의도적일지 모르겠으나 고객 입장에서는 이유야 어떻든 부정적인 감정이 먼저 생기기 마련입니다. 초기라 물론 다방면으로 힘드시겠지만 앞으로 더 발전하시려면 단순히 입점처만 늘리거나 하실게 아니라 이런 무분별한 현상을 방지하기 위한 시스템을 갖추는데 집중하셔야할 것 같습니다."
445,우박,5,2025년 7월 3일,영덕 맛집 치킨 제일 잘하는거 같아요
446,HH O,4,2025년 7월 18일,배달 상세주소 수정 기능 필요
447,raphael,1,2025년 1월 30일,"고속도로휴게소에서 오늘 처음 사용했는데 참 X같습니다 주문 후 카톡으로 알림알려준다더니 어떠한 알림없이 20분을 기다리고 나서야 땡겨요 어플 알림이 문제인걸 인지했네요 휴게소 식당에는 주문QR만 비치해놓고 문의할 곳도 없고, 휴게소 직원들도 시스템 연동이 안되어 있다고 주문내역 확인이 안된답니다 상시 문의할 곳이 없으면 문제 발생시 어떻게 처리할지 휴게소와 협의하고 매뉴얼정도는 있어야하는거 아닌가요? 운영 관리함에 있어서 너무 무책임하다고 보입니다 어플 연동에 문제 없는지 모니터링하고 문제점을 개선하세요 이 거지같은 어플 덕분에 귀경길 식구들의 저녁식사를 망쳤네요"
448,이수연,2,2022년 6월 5일,메뉴 검색해서 가게 목록이 뜨면 가게 들어가서 보고 뒤로 가기 누르면 이전 화면인 매장 목록이 떠야되는데 검색창이 떠요 그럼 또 일일이 메뉴 검색해서 봐야되는데 입점이 많이 된 메뉴명 서치 할땐 (예를들어 떡볶이-입점 약130개)다시 또 한참 내려서 매장들을 찾아야됩니다 불편해요ㅠㅠ +매장 선정후 메뉴까지 고민하고 주문하려고 하는데 배달불가지역이라고 떠요 그럴거면 해당매장이 뜨면 안되는거 아닌가요? 검색했을때 해당매장이 뜨니까 배달되는줄 알고 주문하려는데 배달불가지역이라고 뜨니까 여태 메뉴고민했던 시간도 아깝고 다시 서치해야되고...이와중에 배민들어가면 또 배달됩디다?땡겨요만 배달불가지역이라 뜸 사장님이 막아놓은건가 싶은데 입점 매장도 얼마 없는데 배달불가까지 포함시켜서 매장이 검색되니 소비자로서 선택의 폭이 좁고 시간도 아까워요 역시 돈 좀 벌겠다고 성공한 타업계 시스템도 조사하지 않은채 발을 담구면 이런꼴이 난다는걸 잘 보여주네요; 쿠폰 다쓰면 지울거임 요즘은 요기요가 최고인듯
449,다토,4,2024년 9월 15일,제법 괜찮은데 빠른배달을 희망하는경우나 포장하러갈 때 접근성이 좋게 지도창으로 띄우고 필터를 사용해 원하는 카테고리의 매장들을 현위치 기점으로 볼 수 있는 기능도 있으면 좋겠어요
450,박스스타,1,2022년 9월 19일,오류가 너무 심해요 서울사랑상품권 결제시 결제됐다고 하는데 땡겨요 주문내역엔 없고 잠시후 자동 결제취소 되네요 다시 재주문해도 똑같은 현상이 반복되서 결국 주문 포기요 너무 오류도 많고 결제도 잘 안되고 배*이나 요*요에 비해 많이 부족한 앱이네요
451,최지영,1,2025년 3월 3일,"정말 별로입니다 음식점들은 타 배달업체 때문에 가격을 올린 상황인데 땡겨요는 추가로 배달료를 받고 또 첫주문때 배달원이 요청사항을 지키지 않아 피해를 입었는데 고객센터에 말해보니 우리는 다른 배달대행사로 배달하니까 우리는 잘못없다~ 이러고 어떠한 보상도, 어떠한 해결도 안해주면 첫주문 쿠폰을 또줘도 주문을 하겠습니까? 절대로 안하죠 정말 화가나네요"
452,장춘화,5,2025년 5월 22일,지역화폐로 결재할 수 있어서 너무 좋아요!
453,HeeJeong Yeo,4,2022년 7월 15일,눈에 쏙들어오는 화면구성과 배치는 처음 사용하는 사람들도 쉽게 쓸만큼 잘만든듯. 특히 여러가게들 메뉴 모아서 담아두는 기능 진짜 편리함. 근데 최적화가 안됐는지 앱이 많이 무거워요
454,이민주,2,2023년 1월 24일,"초반 프로모션할 때만 반짝하고, 돈을 안써서 그런건지;; 배달 주문도 안받고, 배달 도착시간 한참 뒤에서야 겨우 출발하는데 그냥 그런갑다~하고 내비둬야 하네요. 사정이 있으면 사정이 있다고 얘기를 해줘야 참작이라도 해주지... 그냥 내비 두면 안된 배달이 띡하고 되는것도 아닌데 그냥 내비두는거 보면 요즘렌 딱히 쓸 이유를 모르겠어요."
455,김치훈,5,2023년 6월 7일,안녕하세요 어플 잘쓰고있습니다. 한가지 추가되었으면 하는 기능이 있습니다. 쿠폰목록에서 현재 영업중이 아니라서 사용이 불가한 매장의 쿠폰은 따로 표시가 돼있으면 합니다. 제 주변에 표기된 영업시간에 영업안하는 매장이 몇몇있어서 이런 기능이 있으면 하네요.. 감사합니다.
456,샤이보글,1,2023년 7월 17일,"타어플보다 혜택은 그닥 별로고, 새로 나온 어플치곤 기존어플보다 혜택이 좋아야 하는거 아닌가요? 땡겨요앱은 딱히 매리트를 모르겠음. 확 끌어당길만한 혜택이 필요하죠. 소비자는 그걸 원하니깐요. 그리고 문제는 앱주문이 자동취소가 가끔씩 발생하네요. 해당식당에 문의하니 취소한적 없다고 하는데, 며칠지나면 땡겨요시스템오류로 땡겨요 관리자가 글남기곤 끝! 이러면 기분 잡쳐서 계속 이용 해야되나?"
457,강범종,1,2022년 11월 28일,배달 시작하고 1.5키로 거리인데 38분이 걸린답니다. 다른 배달처럼 라이더가 한배달하는게 아니라 마구잡이로 여러개 뛴다는거죠. 시킨음식은 다식고 다른 배달앱처럼 실기간 현황조차 나오지않아 그냥 무작정 기다려야합니다. 이점이 개선되지않으면 절대 성공하지 못할거같네요.
458,소다,1,2022년 7월 28일,첫번째주문때 배달시간 엄청 차이나도 소상공인 돕는앱이라해서 불편참고 두번째 사용해보았는데 한참 기다리다 가게에서 전화와서보니 포장주문이라네요? 배달비순으로 정렬하고 배달비 무료라고 적힌것 확인하고 주문했는데 포장만 되는 집이었구요. 왜 잘못봤지 확인해보니 앱 UI에 '배달'과 '포장'이 동일한 청보라색 색상이라 그냥 안보여요. 포장만 되는 집이면 배달비 관련은 안적혀있어야 맞지않나요???카테고리를 분리시키든지. 상식적으로 앱사용할정도면 배달원하는고객이 대부분일텐데 이런식이면 당황스럽죠 지금 사용하기엔 UX가 너무안좋아요 앱최적화도 문제고 개선되기전엔 걍 배민이나 요기요쓸듯 빠른개선부탁드려요
459,ju,3,2022년 4월 16일,앱사용의 불편함 보다. 입점한 가게들이 다른 앱에 비해 너무적고. 그나마 입정한 가게들 중 많은수의 가게들이 다른 앱에서는 정상적으로 주문을 받으면서 이곳에서는 주문을 받지 않는곳이 많다는게 사용에 더 큰 불편을 주는것 같아요. 그리고 서비스가 제공되는 지역에 홍보가 더 필요한것 같아요.
460,Mong Mong,5,2022년 8월 9일,타 배달 어플의 매크로 고객센터와 잦은 배달실수에 질려서 유목민 생활하다 슬슬 정착각 재고있습니다. 아직 초기라 개선점은 보이지만 이건 모든 어플들이 겪고 넘어가는 거니 차차 나아지겠지요. 수도권에서 쓰기엔 아주 준수함. 부산도 오픈했다던데 빨리 다른 지방에서도 쓸수있음 좋겠네요.
461,ولد ضفدع,1,2023년 7월 30일,진짜 인터페이스 너무 별로예요 아니 땡겨요페이 등록하려고 해서 카카오페이 인증했는데 카카오톡 화면 들어가서 인증하고 땡겨요 다시 들어가니까 인증 화면은 온데간데 없고 홈화면으로 초기화되어 있네요;;; ARS도 똑같아요 진짜 이것 때문에 세 번을 반복해서 했어요 제발 좀 앱 제대로 만드세요
462,G,2,2022년 7월 23일,다른 배달앱 쓰다가 지역상품권으로 결재할수 있어서 땡겨요로 시켜봤는데요! 부족한게 너무 많네요 일단 눈에 띄는거만 해두 배달은 위생을 중요하게 생각해서..가게들 목록만 봐도 세스코 표시되어 있었으면 좋겠고요 눌러서 안들어가도요. 글고 내가 시키고 싶은 메뉴 눌렀을때 그거에 대한 리뷰 뜨는거. 최소주문 맞춰서 사는 분들 많을거같은데 장바구니에 담은 메뉴 합친 금액 바로 떴으면 좋겠어요 장바구니 안들어가도 . 내리다가 맨위로 올라가기 기능. 홈으로 바로 가는 버튼. 장바구니에서 메뉴개별 삭제아닌 가게별로 삭제하는거. 등 등 발전되면 땡겨요 자주 쓸거같아요 아그리고 편의점 입점도 빨리 되면 좋겠네유
463,ZZAMBA,3,2022년 8월 3일,"갤럭시 S8 에서 굉장한 버벅임이 있어 사용이 힘듭니다. 그래픽을 쓰는것도, CPU를 쓰는것도 거의 없는 것 같은데 최적화가 필요합니다. 그 외는 다 괜찮았어요."
464,이동수,1,2022년 11월 24일,"사용하면 안되는 배달앱입니다. 11월 24일 20시 16분경 음식주문을 했습니다. 축구경기가 10시 예정이었기에 미리 주문했고, 예상배달시간 10시 17분으로 조리중 표시가 되었습니다. 전반전 종료시간인 10시 50분이되도록 배달이 오지않아 앱의 가게전화번호로 문의를 드렸더니 가게에 주문 자체가 안되었습니다. 다른 배달앱에는 기본으로 있는 자동주문 기능이 없다는 뜻입니다. 웃기는 사실은 이미 카드 결재는 완료된 상태고, 앱에서 제공하는 카드영수증 상에는 가게에서 정상적으로 주문된것으로 보인다는 겁니다. 고객센터도 전화를 받지 않습니다. 그냥 다른 배달앱으로 결재하세요."
465,asdf eq,1,2022년 8월 23일,"진짜 어플이 엄청 느림 안 눌러졌나 싶어서 다시눌렀을때 창 떠서 원하지 않는게 눌리는경우가 있음 가게 검색중 배달비가 무료~ 이런식으로 나오고 눌러봐야 배달비가 뜸 이게 느린 어플과 시너지를 일으켜서 굉장히 불쾌함 결제 방법이 매우 한정적임 지역상품권 카드결제 밖에 없음 네이버페이 카카오페이 삼성페이등 사용 불가능 쿠폰 다 쓰면 지울듯 후발주자임에도 답답한 사용감, 불편한 결제, 불쾌한 어플시스템 등 사용하고싶지 않은 어플"
466,025kep,1,2022년 11월 24일,일단 등록된 가게 수 적은 건 이해를 하는데 서버가 너무 느려요 주문을 하려다 5분 넘게 로딩을 하면 누가 여기서 시키겠어요 월드컵 시즌이라 터지는 것도 아니고 평소에도 로딩이 너무 많고 타 어플에 비해 UI도 구려요 솔직히 재주문 할인 다 받고나면 누가 여기서 시키겠습니까 배민이나 요기요에서 시키지
467,랄라룰루 (랄라라),1,2022년 11월 21일,신한쏠에서 땡겨요썼는데 리뷰쓰려니 땡겨요앱 쓰라해서 열었는데 아이디 연동도 안되고;;;(맛집이고 사장님이 서비스많이주셨길래 리뷰쓰고 싶었는데 덕분에 계속 아이디 연동 시도하다 그냥 리뷰쓰는거 포기했습니다;)신한쏠에 있는 땡겨요 쓸때 카드포인트쓰기체크하면 루팅문제입니다 하면서 오류뜨며 결제안되고.포인트쓰기 체크안하면 그제야 결제되네요; 상품권사고싶어도 기본결제부터 문제생기니 정말 안사고싶어요;;;신한의 문제인지 땡겨요의 문제인지 앱참...둘다 참 오류가 많네요. 배달비 싼건 좋은데 결제오류3번떠서 진짜 손 안가요;;;앱 버그픽스 좀 해주세요
468,배성열,3,2023년 1월 2일,"일단 할인쿠폰이나 이벤트 면에서 좋고, 주문받음,배달시작 알림등 바로 와서 알기 쉬움. 다만 아쉬운 점은 한번 주문하면 배달 예정 시간 이상으로 오래 걸림. 배달 예정시간 치곤 제일 오래 걸리는 배달 앱같음. 예정시간 거의 맞는 적이 없음."
469,전인영,2,2022년 10월 24일,포장과 배달을 구분짓는 UI가 눈에 잘 띄지 않아서 구분하기 어렵습니다. 지역상품권을 쓸 수 있다는 장점이 있어서 사용 중인데 쓰기 편하지는 않습니다.
470,인과응보,1,2022년 8월 30일,네이버페이 이벤트 참여로 로그인 회원가입하려고 네이버로 계정 연결도 해봤고 카톡으로도 연결해봤는데 로그인은 안되고 계속 앱 튕김. 네이버랑 카톡 둘다 개인정보는 다 동의해서 땡겨요에 넘어갔을텐데 로그인도 앱실행도 되지않아 다음으로 넘어가질않으니 회원탈퇴도 못하겠음.
471,heesuk82.jung Jung,3,2022년 11월 3일,앱을 사용하면 배터리소모가 많고 휴대폰이 뜨거위집니다. 일시적인게 아니고..사용할때마다 느끼고 있습니다. 배민 쿠팡이츠 사용시에는 전혀 이슈가 없네요.. 앱 점검이 필요할것 같네요..
472,to ki,5,2022년 9월 22일,수도권에서 쓰기좋아요 프로모션도 자주하고요 솔직히 평점조작인가 싶을 정도로 유용합니다. 아쉬운건 업체가 적다는점? 그거 말고는 배민이나 요기요랑 ui가 다를것도 없고요. 배달비도 크게 차이없거나 저렴한 편이니 현재에선 많이 추천합니다.
473,¿?ᄋᄉᄋ,3,2022년 11월 26일,"배민과 다르게 할인을 많이 해줘서 좋습디다. 근데 앱 자체가 느리고, 인터페이스가 보기 힘듭니다. 이것만 개선하면 배달앱 1티어 쌉가능 할거 같네요."
474,김블루베리,1,2022년 8월 29일,"음식점 운영하고 있는 사용자입니다. 앱 너무 느려요. 그리고 음식 사진이나 전체적인 이미지, 시스템등등 투자 좀 해서 빠른 개선 좀 해주세요. 이렇게해서 언제 배민을 따라잡을까요? 여기 리뷰만 봐도 불편하니까 다시 배민이나 요기요 이용할 것 같아요."
475,간사이,2,2023년 4월 27일,서울사랑싱품권이 언젠가부터 사용안되네요. 이 앱의 유일한 장점이었는데.. 더 이상 사용의 의미가 사라졌습니다. 당근마켓도 그렇고 이앱도 그렇고 성장가능성은 있는데 어플의 오류를 시정할 생각을 안하는군요. 아쉽지만 ㅂㅂ
476,김영지,5,2023년 3월 20일,땡겨요 너무너무 잘 쓰고있어요! 근데 하나 아쉬운 점이 있다면.. 결제수단이 너무 한정적인 것 같아요..ㅠㅠ 네이버페이도 도입해주시면 더 자주 사용할 수 있을 것 같습니다..!😊😊
477,럼텀터거,1,2023년 6월 28일,"땡겨요 쓰면서 지금까지 주문취소 2번이나 당했어요.. 죄송하다고 1000원 쿠폰보내주긴 하는데 여지껏 더 오래써온 타 어플에서 경험하지 못한 주문취소인데, 땡겨요는 유독 자주그러네요. 기껏 신중히 메뉴 정했더니 취소시키는건 너무합니다. 배달 가능한건만 노출시켜주셨으면 하네요. 더이상 주문취소는 안되게 해주세요."
478,김진영,5,2022년 7월 18일,"아직은 가맹점도 적고, 개선되어야 할 부분이 많이 보여요. 버벅일때도 많아서 조금 아쉽지만, 소상공인도 소비자도 라이더도 웃게 할 수 있는 배달앱이 되길 응원합니다. 그리고 가입 쿠폰, 땡겨요쿠폰 등 최저금액 제한 없어서 정말 좋아요. 어플 개발에 힘써주세요~ 파이팅!"
479,오재현,1,2024년 9월 21일,쿠폰 이벤트해서 가입했는데 쿠폰적용 상품들 대부분 매장에서 모두 품절처리함. 앱 설치 했다가 사기당한 기분이네요. 땡겨요 이미지만 안 좋아집니다. 브랜드 담당자들과 충분히 소통을 하시고 점주들에게 이벤트 기간에 재고를 넉넉히 하도록 지시를 하시던지 안 하시고 이벤트 첫 날부터 계속 땡겨요 에서만 상품품절 해놓고 매장에서는 주문을 받고 있는 이런 모순적인 이벤트는 누구를 위한(?) 아.. 땡겨요 가입자 낚시중이신가요? 낚였네요. 제가.. 한심한 사람 같으니라구.. 리뷰보시거든 다른앱으로 저상가 구매하시기 바랍니다. 제품 거의다 없고 몇몇 상품은 적용이 안된다고 하네요 참나..
480,박상영,1,2022년 8월 28일,가게와 트러블이 생기면 환불 권한이 땡겨요에 없으므로 직권 환불이 불가하다는 답변과 가게에서 버티면 환불 못 받으실 수 있다는 상황을 마주하실 자신이 있다면 사용하셔도 됩니다. 그로인해 아무리 상담사도 납득 못하는 상황이어도 환불 및 도움받기 어려운 상황으로 이어지고 상담과 배고픔에 지쳐 환불은 됐으니 회수라도 해달라는 말을 고객이 직접 해야하는 일도 겪으셔도 괜찮다면 사용하셔도 됩니다. 다른 배달 플랫폼보다 책임은 적게 지면서 압도적으로 불편은 더 많이 감수해야하는 플랫폼인데 그래도 쓰실건가요? 사용하시기 전에 부디 이 평가부터 읽으시고 신중한 선택하셔서 기분좋은 식사를 망치지 않으셨으면 하는 마음에 작성합니다. 앱 삭제하고 다른 플랫폼 이용하러 가는 길에 똑같은 피해를 받으신 분이 생기실까 남겨두고 갑니다.
481,썸녀와나무꾼,5,2023년 4월 3일,요기요쓰다가 이어플이용하게됐는데요 주문할때 메뉴들 간격좀 좁혀주세요 메뉴많은 프랜차이즈들 스크롤 너무길어져요 아니면 메뉴들을 바형식에서 아이콘형식으로 바꾸는식으로 시인성향상시켜주셨음해요
482,박소윤,1,2022년 7월 17일,"배달시간도 주문전 예정과 주문후 시간이 차이 심하고, 실제 배달현황이랑 다른 UI정보로 믿을수없네요. 최적화 안돼서 엄청 느리고 오류나고, 쿠폰도 정상적으로 적용안돼고 광고효과에 비해서 실사용불편함이 많네요."
483,수Binance 아이디어스2,5,2023년 11월 12일,업그레이드 되면서 신한어플은행에서 땡겨요로 넘어가지않아서 좋아요! 상품권쓸려면 신한어플에서 넘어가야 할 번거로움이 없어졌어요! 이벤트랑 할인쿠폰 잘 쓰고있습니다! 감사합니다! 번창하시구 이벤트및 쿠폰행사 더 더 더 부탁드립니다^^
484,dennis Kwak,1,2025년 1월 23일,요즘 온누리 지원 핫한데 땡겨요에선 보기가힘드네요. 필터에서 검색하거나 카테고리가있었으면좋습니다. 땡겨요와 온누리상품권의 콜라보 시너지를 확장하면좋을것 같아요. 가맹점 늘려주세요! 기대합니다!
485,kos mos (kosmos),5,2024년 3월 10일,초기에는 가맹점 수가 적어서 많이 이용 못했지만 지금은 왠만한 음식은 다 시킬 수 있음. 그리고 앱 사용하는 것도 별로 불편하지 않음. 게다가 15% 할인되는 땡겨요 상품권 사용하면 기본 배달비는 다 빠진다는 것. 어차피 배달 앱 기능은 고만고만하고 대부분 중복 가맹이라 가성비가 최고임
486,심리통찰,5,2024년 5월 14일,서울페이로 결제 가능해서 좋아요 다만 다른 지역의 가게도 쉽게 검색 될수 있으면 편하겠어요. 다른 지역의 음식점에 방문포장 하려고 히는데 내 주변동네 가게만 나와서 설정변경하는게 넘 번거롭고 불편해요
487,이현정,1,2023년 5월 10일,별로임 렉도 많이 걸리고 로딩도 다른 앱보다 오래 걸려요. 다른 앱에서는 배달이 가능한 지역인데 이 앱에서는 배달 불가능한 지역이라 계속 떠요 너무 별로예요.
488,__,3,2023년 8월 4일,"유튜브 보고 설치했어요.유입 증가를 위해 유튜브 출연에 배라풀고 하신만큼 잘 되게 하면 좋을텐데 좀 아쉽네요.신규 유입 특성상 신규가입>쿠폰발급>배라로 자연스럽게 이동하게되는데 주소설정 단계 없이 근처 배라 매장을 보게되니 강남권만 나와 가맹점이 적다더니 이것뿐인가?싶어 즉시 이탈할 수 있을듯합니다.주소 설정 단계 먼저 들어가게끔 했으면 좋았을 것 같아요.물론 타 유명 배달앱이라면 내가 뭐잘못했나 찾겠지만 신한은행이 주거래처임에도 유튜브 보고 처음 알게되었고, 주변에도 아는 사람 없었어요. 그만큼 인지도가 적은 앱이라 사용법도 잘 모르는데 기술적인 면보다 유저 입장에서 QA하시면 좋을 것 같네요.메인상단 '첫 주문, 두번째 주문까.. 바로가기' 이것도 글자 잘리는데 보여지는 글자가 혜택으로 추정되거나 터치 유도하긴 어려워보이고요.바로가기 터치 시 상단에 뜨는 날짜도 2023.03.31로 날짜수정을 안하신건지 종료된건지 몰라도 유저입장에선 종료된 이벤트가 노출된다고 생각할수있습니다."
489,박현희,5,2024년 12월 24일,지역 배달앱 되도록 사용하려고 하는데 안 되는 가게가 많고 동일한 가게도 다른 앱에서는 주문 가능한데 땡겨요는 가까운 거리도 서비스 지역이 아니라고 하니 왜 안 되는지 이해가 안 되지만 더 많은 가게들이 협업하면 이용하는데 편리할 것 같아요
490,여준,1,2023년 9월 22일,"말하기 앞서 '땡겨요' 앱은 쿠폰을 포장/배달을 해야지만 쓸수있습니다. 기프티콘/QR개념이 아닙니다. 또한 등록이 되어있지 않거나 해당 매점이 오류가 있다면 아예 쓸수없습니다. 작성자는 이 앱이랑 아무 관련없습니다. 예전에 깔아놨다가 지인이 오늘 뚜레쥬르 이벤트가 있다고 권유하여, 쏠(앱)까지 깔아서 당일만 되는 쿠폰을 발급받았습니다. 제 집 근처에 있는 뚜레쥬르점은 등록자체가 되어있지않아 애초에 불가능(전화로 문의했지만 뭐가 되겠습니까 ㅋㅋ)이라서 30분 거리에 있는 뚜레쥬르로 갔습니다. 사정이있어 마치고 10시 20분쯤에 보니 '오전 9시 30분'에 연다고 써있더군요. 분명 해당매점은 24시까지로 되어있고, 매점 전화로도 그렇게 연락받았는데 그렇게 되더군요. 다시 고객샌터에 문의 했지만 안된다고... 다신 이 앱 안씁니다."
491,루나,3,2022년 6월 3일,뭔가 좀 더 갖춰지고 오픈을 했어야 하는거 아닌가 싶네요..너무 급하게 어플을 오픈한 느낌..렉이 좀 있고요. 메뉴 보려고 스크롤 내릴때 버벅거려서 멀미나요..점점 업데이트가 되길 바랍니다..
492,현,5,2024년 12월 11일,배달어플을 이용하지 않는 편이었지만 금융상품과 결합하여 사용하니 혜택이 좋아 정말 많이 이용했습니다 중개수수료도 주문서영수증에 고지되어있고 굉장히 저렴하여 점주 부담이 적다는 걸 알 수 있었습니다
493,Kwanghee Jeon,2,2022년 10월 19일,땡겨요는 가장 시급한게 가맹점 늘리기도 있지만 서버안정화가 제일 우선입니다. 이렇게 자주 접속 불가가 뜨면 신뢰도가 떨어져요.
494,야뺘,2,2024년 10월 18일,이래저래 나쁘지는 않은데 다른 배달 앱에 비하면 어설픈 부분이 많음. 일단 배달 가능 점포 수가 압도작으로 적고 베달 시간도 00분 도착 예정 이라하면 거기에 +10분은 예삿일임. 수수료 없이 소상공인에게 이로운 어플이라 하면서 배달료는 더럽게 비싸게 받고 다른 어플보다 가격이 싼것도 아님. 그렇다고 혜택이 씹넘사인것도 아니고 쿠×이츠나 요×요 하는 행실이 개떡같아서 이용하던거 접고 이걸로 넘어왔는데.. 다시 넘어가야 하나 싶은 마음 뿐..
495,EY K,1,2022년 10월 19일,도대체 이 어플은 사용하려고 하면 들어가지지도 않고 오류 장난아니에요. 이걸로 주문하면 사장님들께 도움된대서 왠만함 여기서 시켜먹으려하는데 저녁시간에 오류나는거 도대체 몇번째인지.... 몇번째 열심히 고르고 주문하는데 오류나니 이제 화가 나네요. 다른 배달어플처럼 주문량이 엄청난것도 아닐텐데 이렇게 오류나는거 꼭 잡아야 할듯 합니다.
496,Lee Jay,1,2024년 4월 6일,"첫고객 쿠폰도 안줘요, 할인 쿠폰 받는게 적금하기, 배달비도 지금까지중 최대치에다가, 메뉴도 자유도 훨씩 적어요, 거기다 배달 안돼는곳도 표시해놔서 시간낭비까지 화령정점☆ 어거지로 만들고 실제 사용을할거란 생각이 있긴한건지"
497,김현지,1,2023년 11월 11일,"방금 서울페이로 땡겨요상품권 충전하고 결제하려는데 연동이 안됩니다. (결제 가능한 상품권이 없습니다 라고 뜸) 예전에도 몇번 이래서 주문을 못했었는데, 해결이 안되나요? 다른 글 보고 앱 캐시 삭제하고 폰 재시작했는데 여전히 그대로네요."
498,Youngjae Kang (Jay),1,2022년 10월 16일,리뷰에 별점이 없으니.. 음식점에서도 배민이나 쿠팡 등 다른 플랫폼 주문에 비해 땡겨요 주문 건은 신경을 안쓰는 게 느껴집니다. 첫주문에 음식 누락되고 배달은 총 1시간 30분 걸렸네요. 그렇다고 앱 사용성이 좋은것도 아니라 이제 안쓸듯.
499,듀페맛있음,3,2023년 7월 25일,요즘 타사 배달요금도 낮아지는 추세인데 땡겨요의 장점이었던 쿠폰룰렛이 많이 안좋아져서 초창기보다 손이 안갑니다. 운이 없는편은 아닌데 근 한달째 매일500쿠폰만 나오네요! 전엔 곧잘 2000도 나오곤 했는데.. 요즘 포지션이 애매해서 아쉽습니다
500,옴나로아,4,2023년 2월 5일,잘 쓰고 정말 좋은데.. 리뷰 사진 올리는 게 너무 안 되네요.. 비율을 계속 바꿔도 잘 안 되고 세로로 돌려서 업로드 해도 자꾸 튕기고.. 이것만 좀 잘 바꿔주세요 ㅠㅠ 리뷰 올리기 귀찮아져요..
501,N Y,1,2024년 8월 26일,2시간이면 집에서 밥을 해먹지 배달실수에 늦어지는 거 있어도 보상 하나없이 기다리라고만 하고 가게도 많이 없는데 정상영업하는 가게도 땡겨요는 안 열음 가게도 아는 거지 이 어플이 쓰레기라는 걸 첫주문재주문만 중복쿠폰으로 할인되면서 매번 최대 10000원세일 이런 식으로 기만하니까 그냥 빡침
502,Hajong Sung,3,2024년 6월 4일,등록해놓고 실제로는 이용을 하지 않는 입점업체들이 많은 것 같습니다. 상품권별로 주문 가능한 업체들을 검색하는 기능이 추가되면 좋을 것 같네요.
503,jimin yun,1,2024년 1월 8일,"아니 첫주문 쿠폰 쓴적없는데... 왜 없죠? 혹시 신한은행 사용해서 예전에 땡겨요 페이지 신한앱에 뜰때, 그때 주문해 보려고 했다가 배달가능지역 아니라고 해서 넘겼었는데, 그때 쿠폰 발급되었어서 지금 못쓰는 건가요? 아니면 주문한적이 없는데 안될리가... 이거 확인부탁드립니다."
504,yulim kim,2,2022년 10월 19일,"접속 시 에러가 잦아 주문하기가 어렵습니다. 두 시간 내리 에러가 나네요. 밑에.후기 보니 전에도 동일한 에러가 발생한 거 같은데, 같은 장애가 자꾸 생기는 건 문제가 있는 것 같아요."
505,LS D,2,2024년 1월 23일,매일 쿠폰 얻는거 땡기는 시스템 매우 불편하고 비효율적임. 이유는 앱접속하고 땡겼을때 한번에 내려오질 않음 무조건 첫번째 땡긴건 도로 올라감. 그래서 항상 두번 이상 땡겨애 됨. 이것 좀 고쳐주시죠
506,한경석,1,2025년 1월 16일,"지금 왜 이러죠? 시간 좀만 지나면 자꾸 버벅 되면서 팅깁니다.. 주문을 할수가 없어요. 앱 삭제 재설치도 마찬가지임.. 5분 보고 있으면 멈춤.. 그리고 강제 종료됨. 지난번에는 디버깅 어쩌구 하면서 종료 되더니, 오늘은 이런 문구 없이 강종"
507,김찬종,1,2024년 8월 8일,"메인화면 모든 음식 카테고리는 비어있고 음식점 검색도 안되며, 이벤트 배너를 통해 들어가야 간신히 찾을 수 있음. 땡데이 이벤트 한다길래 쏠페이 앱 다운받고 가입했는데 해당 앱으로 들어간 땡겨요는 전화번호 등록하고 카드도 발급받았는데 하루종일 인증이 안됐다며 작동불능 ㅋㅋ"
508,최영웅,1,2022년 10월 22일,"별점 1개도 아깝네요. 주문만 하려하면 렉먹고, 끊기고, 심지어 화면에 이미지로드도 안돼서 사정이 있겠거니싶어 한참을 기다리다가, 이제 장바구니 담아 결제하려하니 또 버튼이 뜨질않아 결국 포기하게 만드는 어플. 최악이네요."
509,빠세,5,2025년 1월 6일,추천받아서 써봤는데 좋네용! 다만 아쉬운 건 가게별로 배달료만 확인할 수 있고 최소주문금액은 볼 수가 없네요 꼭 가게를 들어가야 확인이 되는 점은 아쉬워용
510,배성우,5,2024년 7월 4일,항상 좋은 서비스 감사합니다. 점점 더 좋아지고 있다는게 느껴지네요. 추가로 세스코나 위생인증이 있는 카테고리도 따로 필터링 할수 있게 해주시면 너무 감사드릴것 같습니다.
511,나노.,1,2022년 2월 2일,광고를 할만한 서비스풀이 확보되지 않고서 광고로 사람을 모아봤자 서울내에서도 일부 그리고 그마저도 타 경쟁사에 비해 터무니없이 부족한 상태에서 쿠폰때문에 깔고서 서비스 지역 아닌거 보고 삭제하고 갈 사람이 대부분일듯 하네요. 리뷰는 직원인거 마냥 좋은거만 써놓았고 암튼 현 상태에선 이용할 이유가 없네요.
512,Bori O,5,2024년 12월 7일,"사장님들껜 수수료도 싸고, 소비자에겐 할인도 많이 해줘서 너무 좋아요! 앞으로 이 어플 자주 쓸려구요! 다른 사장님들께서도 많이 사용해주시면 좋을것 같아요! 다른 가게엔 아직 안 쓰는 곳도 있어서 좀 아쉽더라구요! 홍보를 많이 했음 좋겠어요 ^^"
513,임다정,1,2024년 2월 15일,할인쿠폰으로 할인받아서 주문하려고 했는데 제 지역에서 주문 가능한 매장은 거의 일주일 내내 준비중이라고 떠서 주문을 할수가 없습니다. 그런데 이 매장은 타 앱에서는 정상적으로 영업을 하고있으며 주문도 가능하더라구요. 다른 매장은 영업중이지만 배달가능지역이 아니라고 주문도 못하고 오늘 할일끝나는데 쓸모없는 이벤트와 앱이었네요
514,김동현,3,2023년 1월 27일,점점 할인 쿠폰이나 프로모션이 점점 작아지는 느낌이네요 UI도 타 어플에 비해 너무 별로입니다.. 그리고 개수 수량 수정되도록 해주세요 너무 불편합니다
515,IKSOO,3,2022년 9월 29일,앱이 심하게 불안정하네요. 땡겨요 알람이 떴을때 알람을 누르면 화면이 실행된 상태에서 멈춰버리네요. 스크롤하는 시간도 딜레이가 많구요.
516,김카일,1,2022년 9월 21일,"다른앱이랑 비교해서 할인혜택이 많은 건 맞지만 기본적으로 배달건마다 문제가 발생하는데 가게,배달원 이것저것 맞물려서 문제가 꼬이고꼬여서 더 화나게함 배달시간 최소 1시간 그나마도 안지켜지고 꼭 2시간까지 지연되는거 진짜 할말없게만든다 첨만그런줄알았지 3번이상 반복되는거면 그냥 이앱문제아님? 아니 배달이안와서 가게에 전화했는데 거기가 전화안받으면 취소도안되 배달상황확인도 안되 사람 개빡치게 만들어놓고 고객센터 전화는 또 번호를 왤케숨겨놓은것이며 연락은 왜이렇게 안되는지ㅋㅋㄱㅋ열받기싫으면 다른거 쓰세요 홧병남^^!"
517,요루이치,1,2022년 10월 7일,첫 주문 좋다길래 해볼까 했더니 들어가 지지도 않고 서버 다운되고 한참 기다려서 들어갔더니 로딩을 로딩을... 다음창 넘기려면 또 로딩 한참 걸려서 결제하려고 했더니만 땡겨요페이나 땡겨요 붙었어도 결국 지들 신한카드 쓰라는 어필 과하게 하고 있고 눌러보면 결국 지들 신한카드 만들라고 영업이나 하고 있네 마케팅 누가 짰냐 진짜..그걸 짠 놈이나 통과시킨 놈이나 서버 관리하나 못하면서 욕심만 많아서 뭘 하고 싶은건가 무통장 결제나 카카오 결제 통신사 결제 같은것도 만들어놔야지 써먹지 있지도 않을거면 카카오 로그인은 왜 만들어놨나싶네 결국 한시간 가까이 스트레스만 받다 포기했네 광고비 들일시간에 서버나 챙겨요
518,임세현,1,2023년 3월 22일,위치 연동부터가 이상하게 되네요? 타어플 쓸때는 이런 경우가 없었는데 주소를 입력해도 좌표가 다른곳으로 찍히는지 배달비가 2배 이상은 되는듯합니다.
519,MOON JIHEE,1,2023년 4월 6일,완전 별로임. 포인트 소멸 알림 하나없이 그냥 소멸해버리고 복구도 안해줌. 이러니 타 어플 이용하는거지 고객들이 고객센터에선 앵무새같이 메뉴얼만 줄줄줄 왜 통화를 3번이나 한건지. 시간 아까움. 참 별로네요
520,do NG,3,2023년 6월 1일,"배달 출발 때나, 근처에 도착했을 때 알림을 넣어주면 좋겠습니다. 65분 후에 도착이라고 처음에 떴는데 20분 만에 와서 바로 대응하기가 어려웠네요. 심지어 주문 1시간 반이 지났는데 앱에서는 아직도 배달완료가 뜨지 않고 있습니다."
521,J Y,1,2022년 6월 14일,새벽 일정시간대에는 운영시간이아니라고 주문이 안되는데 가게 운영시간에 상관없이 어플 운영시간이 왜 필요한건가요? 타업체에서 주문했네요.. 오늘은 시켜보려고 들어갔는데 가게에서 일방적으로 주문 취소해버리네요.. 타업체에서 시키니 다시 받아줍니다. 가게 입점도 얼마 안되있고 그나마 입점되어있는 곳도 취소하니 아직 써야 할 이유를 모르겠어요
522,박수민,5,2022년 7월 26일,이번 달에 각기 다른 업체에 세 번 주문하고 셋 다 주문 취소됐습니다. 한 군데는 가까워서 포장 주문한터라 직접 방문해 물어봤습니다. 근데 사장님께서 주문 들어온거 없다며 땡겨요 앱이 작동이 잘 안된다고 그냥 매장에서 결제하시면 안되냐 하시더군요. 다른 두 군데는 배달 주문이었는데 주문 후 바로 품절 취소 됐습니다. 쿠폰이 있어도 쓸 수가 없네요. 또 다른 곳은 타어플에선 주문이 가능한데 땡겨요에서 장바구니로 들어가 주문하려고하니 영업 준비중이라고 뜨더라구요. 영업준비중인 가게가 주문 가능한 상태로 노출이 되는 것도 문제인데 전화해보니 영업하는건 맞는데 땡겨요에선 주문 안 받으니 타어플 사용하라네요? 혹시 땡겨요가 업장에서 쓰기에 불편한 뭔가가 있는건가요? 아님 혹시 쿠폰 사용해 결제하면 업장에서 손해보는 구조인가요? 소비자 입장에선 지역상품권도 쓸 수 있고 쿠폰도 많으니 쓰고 싶은데 주문을 받아주는 곳이 없어 쓸 수가 없어요.
523,유현,1,2024년 9월 14일,잠깐 써봤는데 너무 불편해요 메뉴 음식 사진들이 없어서 어떻게 나오는 구성인지 알수도없고 리뷰 사진으로 어떻게 나오나 보려고해도 메뉴에 리뷰가 바로 붙어서 볼 수 있는게 아니라 맨 위 리뷰 따로 눌러서 음식리뷰 찾아봐야하고 최악입니다 직관성 매우 떨어져요
524,봄화련,5,2024년 6월 14일,"가게에서 부담하는 수수료가 적다고 해서 가입했어요 상생에 동참하려구요 마침 신한은행사용자라 더 좋아요 적금도 가입했구요 (포인트 두배로 주는게 너무 괜찮네용) 다만, 입점업체가 많지 않은게 빨리 개선되었음 좋겠어요"
525,ARES,4,2024년 7월 28일,두번째 주문까지는 아주 좋네요~ 그 이후는 타앱 비교 배달비가 훨씬 비싸서 같은 매장 같은 메뉴비교 할인쿠폰 사용해도 여기가 더 비싸네요.. 이부분이 너무 아쉬워요..
526,Janne,1,2022년 10월 5일,다른 어플은 다 잘되는데 혼자 느려요 와이파이를 켜도 데이터를 써도 계속 로딩이 안되네요 ㅡㅡ; 자주 쓰고 싶어도 이래서는 쓰지도 못할 듯
527,S. Kang,4,2024년 10월 10일,원산지표시나 가게 위치 등 세부정보 보기가 어렵네요. 따로 없는지.. 메뉴ui 가독성 높이길 바랍니다. 맛스타보다 위의 사항이 더 궁금해요. 배민이나 요기요보다 본 어플을 쓰려고 하고 쿠폰도 맘에 드는데 좀 더 발전하길 진심으로 바랍니다~~
528,1 1,4,2024년 11월 17일,"주소 입력할 때 같은 도로명 주소인데 아파트 동별로 떠서 불편해요. 다른 배달앱, 택배 주문 시 도로명을 입력하면 아파트까지만 떠서 동호수 넣으면 되는데, 땡겨요는 도로주소 검색 후 맞는 아파트 동까지 선택해야 해요."
529,김민준,1,2022년 5월 2일,사장님들의 일방적인 주문 취소가 자주 있습니다. 결제후 바로 취소하는 것도 아니고 오분에서 십분후에 결제 취소를 하는데 소비자 입장에서는 매우 불쾌한 경험입니다. 배달 취소는 배달 수락후 삼분내로 제한하는 등의 조치가 필요해보입니다.
530,leehaun park,2,2024년 1월 24일,위에 쿠폰(과녁모양)뽑으려고 아래로 스크롤 내리면 내릴듯 하다가 다시 올라가는게 너무 빈번합니다. 그냥 클릭하면 내려오는게 있었으면 좋겠습니다.
531,1 29,1,2024년 9월 14일,땡겨요 통장만들면 쿠폰준다면서 통장개설하고 그걸로 결제하고 10퍼도 쌓였는데 쿠폰은 안 주네 설마 이벤트 페이지 대문짝만하게 걸어두고 쿠폰은 끝났습니다~ 이러는거 아니죠? 그럼 쿠폰페이지는 삭제했어야 했는데 ㅎㅎ 끝나도 지급해주세요~ 지급되면 별5개로 바꿉니다~
532,짱구가이,5,2024년 6월 1일,수수료가 저렴하다고 해서 이용하고 있어요. 이벤트나 포인트적립도 쏠쏠해서 좋아요 이젠 배민 포장도 수수료 받는다고 하던데 홍보좀 많이 자주 해보세요. 사장님들이 수수료가 저렴해서 좋은데 이용자가 적데요. 땡겨요 잘되길 바랄게요
533,123 21,1,2022년 12월 29일,이벤트 하면 뭐합니까 시킬수 있는데가 없는데 이벤트 할거면 최소한 이벤트 해당되는 프랜차이즈 매장들은 확보를 하고 진행해야 하는거 아닙니까? 쿠폰 2만장 뿌리면 뭐하냐구요 시킬데가 없어서 남아도는데 다른 배달어플같으면 순식간에 없어지는데 여긴 시킬데가 없어서 남아도는데 이벤트하는 이유를 모르겠네요
534,다윤,2,2022년 9월 17일,신한앱카드로 결제하려고 결제요청 누르니까 렉이 너무 걸리고 신한플레이어플은 실행이 안돼서 아예 다 끄고 다시하니까 결제요청을 안누르고 기다려야 밑에서 올라오네요 결제창(신한플레이 카드선택)이 안뜨면 결제요청을 누르라는 문구를 추가해주세요
535,김지원,5,2022년 10월 20일,기본적인 로딩속도가 너무 느린 것 같아요 자꾸 로딩화면 오랫동안 뜨는데 기다리기 힘드네요..그래도 나머지 서비스는 괜찮은 것 같아요
536,joohee kim,1,2022년 12월 10일,"쿠폰 많이 주고 서울페이되서 쓰고 있습니다. 근데 한정적인 가게숫자, 실시간 위치를 알 수 없어 하염없이 기다리기만 해야하는 배달현황, 배달 컴플레인하기 위해 어플 내 콜센터 연결을 찾기 어렵게 해놔 한참을 찾아야하는 번거로움, 그렇게 어렵게 찾아 배달 문의하면 협력업체라 어떻게 해줄 수 없다는 콜센터.. 쿠폰 다 쓰면 기존 배달 어플 사용할 듯 하네요. 최악입니다. 본업에나 신경쓰세요"
537,문예설,3,2022년 5월 21일,업데이트 꾸준히 하는 것 같고 앱 오류도 나아지는 것 같음.. 가끔 버벅이거나 불편할때 있었는데 많이 개선된 것 같고 개발자분들 계속 파이팅 하세욥
538,최윤정,1,2022년 10월 7일,결제는 되었는데 이후에 네트워크 연결이 안된다며 가게에도 주문이 전달 안되었고 어플을 몇번 삭제했다 재설치해도 네트워크오류라고만뜹니다. 쿠폰써서 결제한 돈은 얼마 안되니 돈 날린샘 치고 다신 안쓰려구요.
539,Boeun Kim,1,2022년 9월 26일,장바구니 안에 담긴 메뉴들을 수정하거나 삭제가 안되네요. 아이콘이나 버튼을 터치해도 반응 제로. 결제하기 버튼을 눌러도 아무런 반응이 없습니다. 아무것도 시켜먹을 수가 없어요.
540,이범수,2,2025년 7월 8일,아니 심심하면 취소시켜 버리네...장난하는것도 아니고 가게 교육을 하든가...
541,김하나,1,2024년 12월 8일,할인 상품권 쓰려고 설치했는데 업주가 배달비를 비싸게 받으니 비용이 개찐도찐이네요. 상품권 다 썼었으니 삭제하렵니다. 게다가 배달 완료됐는데도 어플에서 아직도 배송중으로 뜨네요. 다시는 사용안합니다.
542,voice T,2,2022년 10월 19일,요즘 오류가 너무 잦아요!!! 걸핏하면 서버응답이 없다고하고. 입점 점포도 많지 않은데 e서울페이 쓰려고 안지우고있지만 뭐가 점점 나아져야지 계속 불편해지면 어떡하나요.
543,수교,1,2022년 10월 7일,다 좋은디...ㅠ 갑자기 무한로딩 걸리거나 결제오류가 너무 자주 떠요....서울페이 이벤트로 사람이 몰려서 그런거같은디 개선중이시겠지만 더 힘내주세요ㅠㅠ 지금도 앱 안들어가져요ㅠㅠ 겨우 들어가져도 아무것도 안뜨네요
544,부계,1,2024년 10월 2일,"22년 6월경 첫가입을 하여 쿠폰을 받았지만, 그때 당시 주문할 수 있는 가맹점이 없었고, 주문을 한 번도 하지않아 첫주문 혜택을 다시 받을 수 있는지 문의했지만 불가 답변. 써보고 괜찮으면 배달 어플을 갈아탈까 했지만 아쉬울 뿐이네요."
545,정보람,3,2023년 11월 27일,"이게 배달 앱인지, 신한 홍보 앱인지; 이벤트가 반 가까이 신한 관련 앱 가입, 적금 가입, 인증서 사용, 페이 결제, 계좌 결제...; 그래도 출시 초반에는 뽑기로 3,000원 자주 나와서 잘 시켜 먹었어요."
546,김소연,1,2022년 10월 19일,땡겨요는 애용중이나 앱이 답답하네요. 서버 끊어짐(네트워크 오류)이 왜 이렇게 잦나요? 한 두번이 아니라 여러번 같은데 도대체 언제 개선하시는지... 이것 때문에 저녁을 못먹습니다ㅡㅡ
547,노숙자,4,2022년 10월 10일,써보니 너무좋아요 정착합니다~! 할인이 많이 되서 제일 좋아요! 쿠폰도 많고 리뷰쓰면 포인트도 쌓여서 앞으론 제값 안주고(?) 좀 조렴하게 주문할 수 있을것 같아요 ㅋ ㅋ
548,Yunho Bae,2,2022년 7월 30일,배신민족 싫어서 주문하려고 했는데... 일단 앱이 너무 느리고 주변에 포장할만한 제휴점이 없어서 아쉽고 배달 팁이;;20만원이상 시켜야 무료;;군요. 뭐 이건 제휴점마다 정책인지 모르겠지만요. 서비스 런치 의도는 맘에 들지만;; 많이 아쉽습니다. 일단은 삭제;;
549,이영규,5,2024년 12월 31일,"무엇보다 타업체처럼 우리에게서 벌어서 독일(?) 모기업에 과도한 배당으로 외화유출이 안되어 좋구요. 다양한 이벤트와 적립, 다양한 가게가 있어 아주 잘 이용하고 있습니다."
550,삶은계란,1,2024년 9월 23일,쿠폰사용해서 주문하니 취소하고 영업종료 띄우네요. 영업시간 확인하고 사장님쿠폰은 판매자가 주는건데 뭐 이런경우가.. 판매자 맘대로 장사하네요. 그리고 문의하니 1000원 쿠폰주네요. 어차피 쿠폰써서 주문하면 판매자가 주문취소 할텐데 문제가 뭔지 모르시나 보네요. 윤정부 정책같은 방침이네요
551,HS Lee,5,2025년 5월 29일,"저렴한 배송비, 퀵배달! 땡겨요로 환승합니다~^^"
552,신희상 (삐딱새),1,2022년 12월 6일,어제 처음 가입하고 주문했는데.. 결제만 되고 주문 오류 났다고하고.. 어제 고객 센터에 전화해도 결제한거 확인도 안되고 신한페이에 전화 하라네요.. 1:1 문의 환불 요청 해도 답장 없습니다.. 여기 별로 안 땡껴요.. 환불 처리 좀 빨리 해주세요..
553,양필성,1,2025년 4월 4일,좋은 뜻으로 만들어진 소상공인들을 위한 앱이긴 합니다만 쿠폰관리 매장관리 클레임 관리 등 부족한 부분이 너무나도 많습니다 쿠폰으로 주문유도해서 ㄸㄹㅇㄹ 치킨 주문했다가 도착 예정시간 한시간이 다 되도록 받지도 못하고 기다리기만 했고 안올꺼면 주문취소 한다고 했더니 확인해보고 연락준다더니 그 사이에 업체에서는 취소로 알고 다른 주문한 곳으로 보냈다는 말도 안되는 말만 전달받고 그 후 업체의 사과도 대응도 제대로 없었습니다 아직은 좀 더 디테일한 부분까지 체계나 관리가 필요해 보입니다
554,정해정,5,2025년 5월 9일,배달 포장 뿐만 아니라 매장에서 먹는 것도 할 수 있다니 놀랍네요.
555,Jasper Yun,5,2024년 5월 10일,가끔 배달 음식을 먹고 싶을 때 요긴하게 쓰고있는 어플입니다. 다만 몇 달 전 땡겨요 신한은행 관련 페이를 쓰려고 연결된 링크로 어플 새로 설치하고 가입하는 도중에 오류나서 2번 실패한 이후로 신한페이는 절대 안씀
556,dertrabonian grac,1,2025년 7월 9일,포인트 모으기는 첫날되다가 왜 다음날부터 바로 안되는건지.. 일부러 막나요?
557,바다66,5,2022년 7월 14일,부산에 땡겨요배달시작한지얼마안되서그런지 등록영업점들이 많이없어 아쉽고 타배달앱배달료보단 비싸다는점..이중배달료를 책정하다보니 더비싸게느껴지네요~~결제혜택또한 앞으로 많은개선이필요할듯..분발하시길바라지만 기존배달앱들의 각성을위한 후발 앱이라 번성했음하는 바램또한있어 응원보냅니다!!
558,박현정,4,2022년 11월 9일,"갠적으론 가게 이름 같은거 검색할때 결과 나오는게 좀 안맞을 때가 있는거 가틈 아직 등록안된 가게들이 많아서 그런가, 그런 부분만 개선되면 괜찮을거 같은데요"
559,1234 a,1,2023년 1월 24일,아직 앱이 활발하지 않아서 그런지 모르겠지만 첫주문 쿠폰 쓸려고 하는데 배달팁도 다 비싼 가게들이 대부분이고 주문할 매장이 너무 없어요.. 명절 마지막 날에 무슨 지방이나 시골도 아닌 인천인데 치킨 주문할 곳이 없더고 뜨는게 말이 되는 건가요
560,변광호,2,2022년 8월 6일,검색조건이 그지같은..요기요칠때랑 땡겨요 칠때가 틀림~~!!!요기요는 한눈에 깔끔히 보임~~!!!땡겨요는ㅋㅋ각자 따로 놈~~!!!프레드피자를 검색하면ㅋㅋ맨위에 나와야지~~왜 중간쯤 나옴?ㅋㅋ어떤사람이 프로그램 짰는지ㅋㅋ한심스럽내요..검색한것을 최우선 나오게 해 주시고~~!!!하여튼 한눈에 안 들어오고 각자따로놈~~!!!!이게 팩트임ㅋㅋㅋ조잡하다?그런 느낌?UI좀 고치셈
561,시크릿,5,2024년 11월 20일,"더 나아가 배달 플랫폼도 만들어 줘요~!!! 기사 등록 하고 일 할수 있는!!!일반 대행이 아닌 ○팡○츠 처럼 다른 배달 플랫폼 말고 땡겨요 와 함께 하고 싶습니다~!!! 광고도 많이 해서 전국민,모든 요식업 사장님들이 사용 하는 어플이 되어주세요~!!뼈를 묻겠습니다!!!!"
562,Google 사용자,3,2022년 9월 23일,배달비 상대적으로 많이 저렴해요!! 강추! 배달비 때매 매번 고민하면서 시켜 먹는데 다른 지역에서도 사용할수 있으면 놀러가서도 너무 좋을꺼같아요!
563,공포까마귀,5,2025년 1월 1일,등록한 업소만 늘어나면 딱 좋을 것 같습니다. 홍보 많이 하셔야겠습니다. 그리고 생체인식을 지원했으면 좋겠습니다. 두 가지만 이루어진다면 배민을 대체할 수 있을 것 같습니다.
564,김호진,5,2023년 3월 6일,"아직 사용하는데 불편함 없고 다 좋은데, 한 가지 건의사항은 리뷰 남길 때 전 줄바꿈 해놓는데 올라간거 보면 줄바꿈 하나도 안 돼있어서 가독성이 떨어져서 불편합니다."
565,Jiyeon Kim,2,2023년 7월 11일,가족 아이디를 공유하고 있어 대신 제카드로 결제하고 가족 아이디로 시킬 때 로그아웃 기능이 없어 매번삭제하고 재설치해서 로그인하는데 너무 번거로워요 로그인 로그아웃기능 추가바랍니다.
566,djdheh ejeh,1,2024년 6월 9일,"최악입니다!!!배달 말도없이 주문한지 1시간 40분뒤에 배달함.도착예정시간보다 한시간 늦게 배달했는데 어플에서 늦는거 관리도 안하고, 업체늦는다 사과도 안하고, 음식상태 엉망, 배달음식누락하기,수저 받기로 체크했는데 안보내기 등 문제가 많구요. 절대 추천하지 않습니다."
567,Mini Sun,1,2022년 11월 26일,다들 어플 벤치마킹 좀 하셔야할듯 로그인할때 아이디 선택해서 연동할수있게 바꾸시길. 요기요 참조하세요. 기본적인 기능도 없다니
568,태원류,3,2022년 7월 29일,배달되는 지역만 늘어나면 대박인 앱입니다 각종 혜택이 엄청 많아서 좋은데 쓸수있는 지역이 한정되서 그것만 개선되면 좋겠어요 좋아요
569,노희자,5,2025년 7월 4일,할인쿠폰이 있으니깐 땡겨요에서 시키게되네요^^
570,대왕오징어,1,2023년 12월 24일,서울시 상품권으로 결제하면 15프로 할인한다고 하나 실제로 불가능할 정도로 꼬아놓음. 서울시 상품권으로 결제하려고 20분동안 삽질하다가 그냥 포기하고 앱 지웁니다. 두번 다시는 안쓸듯...
571,정수인,3,2022년 11월 30일,"24시~07시 사이에는 주문이 안 되던데, 주문이 안 되는 시간대가 배달 앱 사용률이 높은 시간대가 아닌가 생각이 듭니다. 타 배달 앱들에 비해 쿠폰 혜택이 상당히 좋은 점을 전제로 앱 사용 가능 시간대를 수정하면 소비자들의 지속적인 사용률이 상승하지 않을까 싶네요. 아 그리고 앱 사용시간이 아닐때 장바구니도 막아 놓는게 좋지 않나 싶어요. 음식 옵션들 다 선택해놨는데 사용 시간이 아니라며 주문이 불가하니 좋게 와닿지는 않네요ㅠㅠ"
572,그로밋,2,2024년 3월 12일,아니 열심히 먹고 싶은거 찾아서 배달 시키려는데 배달 불가능한 지역이라고 뜨네요. 한두번이 아니에요 다른 음식점도 마찬가지에요ㅡㅡ 이렇게 배달 불가능함 지역이였다면 리스트에서 제외 시켜야죠.
573,자몽,5,2025년 6월 13일,아직 매장이 적긴한데 너무 저렴해서 좋아요
574,도치,5,2025년 5월 26일,지역화폐 사용할 수 있다는게 너무 좋아용
575,김소연,1,2022년 10월 19일,땡겨요는 애용중이나 앱이 답답하네요. 서버 끊어짐(네트워크 오류)이 왜 이렇게 잦나요? 한 두번이 아니라 여러번 같은데 도대체 언제 개선하시는지... 이것 때문에 저녁을 못먹습니다ㅡㅡ
576,유지영,5,2024년 11월 16일,1. 개큰할인-개큰행복 2. 이용편한 페이지 3. 답장 빠른 고객센터(주말에도 답변해주실 줄 몰랐는데 완전 빨리 답변주셨어요..감사합니다) +초큼 아쉬운점이라면 이미 한 번 남긴 리뷰는 수정이 안돼용ㅠㅠ
577,;;,1,2024년 7월 30일,백신 다운로드 강제에다가 혜택이 대단한것마냥 올려놓고 까고보니 속빈 강정으로 그놈의 첫주문 쿠폰가는 왜 계속 올려놓는지 모르겠고.. 땡겨요 어플이 나온지도 꽤나 지났는데 여전히 적은 매장 수와 혜택이 부실한 느낌이 강함 현 시점에서 먼저 선점을 해놓은 배달 업체들과 경쟁을 하기위한 경쟁력이 너무 없음 이 부분이 보완된다면 모를까 지금으로써는 이 앱을 사용할 이유는 없어보임 첫주문만 빼먹고 가는용도
578,박주현,1,2022년 7월 8일,부어치킨 할인해준다고 해서 가입했는데 시킬 수 있는 곳이 없네요.. 며칠동안 계속 시도해봤으나 어느 가게는 아예 운영을 안 하고 어느 가게는 휴무일 지정에 주문 취소하고 이건 뭐 시켜먹으라는건지 마는건지요 이벤트를 하실거면 해당 점포 관리 잘 부탁드립니다
579,HYUNJI AHN,3,2022년 8월 29일,주문하려고 들어가는데 서버가터졌는지 계속 연결이 안되고 튕김현상이 있으며 아래로 드래그 하는데 카테고리가 자꾸 넘어가서 불편합니다
580,김대민,5,2025년 7월 9일,유용하게 잘 사용하고 있습니다.
581,Kale Lr.,1,2022년 9월 28일,가입하려고 휴대폰 인증하는데 계속 오류떠요ㅡㅡ 네트워크에 연결 안되어있다고 502 오류떠요ㅡㅡ 오류뜨다가 다시 재시작하면 오류메시지 반복적으로 뜨다가 지 혼자 꺼지던데 이 앱을 사용하지 말란 뜻인가봐요.
582,JinHyeok Lee,4,2022년 11월 15일,최대 6만원상당의 땡겨요 이벤트.. 카드이용기간 이라는 뜻이 카드발급기간이라고 합니다. 이용이 왜 발급인진 몰라도... 저처럼 금융 잘 모르는 다른분들은 혼동하지 않으시길... 땡겨요신한카드 발급일 확인하세요...
583,이예슬,3,2025년 2월 26일,땡겨요 앱을 시켜먹고싶어도 타 앱과 달리 1인분을 시켜먹을수가 없어요 진짜 너무나도 불편하네요 타앱은 1인분이라도 배달시켜먹을수나 있지 여기는 무슨 1인분도 못시켜먹어요 그래서 가격이 낮은대로 시켜먹어야해요 연간 불편한데가 한두곳도 아니예요 만 16000원이상 시켜먹어야하니까 ...그런점이 불편해요 그리고 땡겨요 앱은 무슨 회원탈퇴를 어렵게 해놓으셨는지 찾지도 못해요
584,Soyun K,4,2022년 10월 11일,배달어플 생긴지 얼마 안되서 이벤트가 빵빵하네요^^ 오천원 쿠폰두장 주는데 최소주문금액에 제한이 없어서 더 좋아요! 자주 애용할예정 입니다~~
585,후니주,1,2025년 6월 23일,지역화폐 금액연동이 제대로 안되내요
586,ET Oh,5,2024년 10월 10일,배달이 기본 1시간...지금 10시 48분에 시켰는데 자정 넘도록 출발조차 안함... 이런 상황이 두번째임... 타 배달앱은 안 이렇던데 // 현재는 잘 쓰고 있습니다. 별점 5점으로 수정합니다.
587,늘기쁨,3,2024년 9월 3일,"다른 앱에서 쿠폰, 배달비 무료 적용 금액 보면, 서울페이 할인 받은 금액 계산해도 땡겨요가 더 비쌀 때 많아요. 서울인데, 인천 부평 음식점까지 뜨니 불편하고, 다른 지역구 땡겨요 상품권도 써야하는데, 서울페이앱처럼 상품권별 매장 검색 가능했으면 좋겠어요."
588,DW Kvaughan,1,2023년 1월 6일,맨날 홍보문자 보내면 뭐하나요. 아직 배달서비스가 안되는 지역이 이렇게나 많은 것을. 앱 설명란에 가능 지역을 표시 좀 하세요. 저처럼 다운받았다가 실망하고 삭제한 사람 많습니다.
589,_ Shin,1,2022년 4월 20일,회원가입하고 첫주문쿠폰은 받아서 기간은 경과되어 가는데 집주변에 어떠한 주문시킬 매장이 단한개도 없네요. 시골아닙니다. 인천주안인데도 매장이 없습니다.
590,Eustadiola Shin,1,2024년 8월 2일,앱 다신안씀 쿠폰할인적용받아 밥시켜먹고 거의한달지났는데 갑자기 고객센터에서연락와서하는말 앱시스템상문제로 자기들이 주문취소하는바람에 카드취소됐다고연락옴 쿠폰은취소시점에자동복구라했는데 들어온것없었고 알림도없고 가게주인분도모르더라 서로난감한상황 졸지에 가만히있다가 먹튀범죄자될뻔 이런건 지네들실수인데 내탓하면서끊더라 그래 배민안하고땡겨요쓴내탓이지 다신더러워서안쓴다 문제가너무많은데 그동안참다가그냥지운다
591,귀여운똘,2,2024년 3월 12일,다른 플랫폼 다 지우고 땡겨요가 업주들 수수료가 적다 해서 시킬라는데 너무 입점한 곳이 적어요 몇번 이용 했으나 너무 영업을 않하시는듯.
592,김영석,1,2023년 1월 2일,"이벤트 보고 쿠폰받고 메뉴까지 다 골랐는데 ""배달가능 지역이 아닙니다"" 라고 뜸. 걸어서 5분거리 바로 옆동네인데도.. 안되면 애초에 왜 띄워서 기분나쁘게 만드는지"
593,이은주,1,2025년 1월 4일,결제하려고 했더니 결제 중입니다 팝업만 뜨고 결제가 안 돼요 확인 눌러도 바뀌는 것도 없고...결제 수단 바꿔서 해도 똑같네요 인터넷도 멀쩡한데 너무 황당함...
594,김규환,1,2022년 12월 25일,업데이트 이후로 서울페이 결제가 안되네요 뭘 건들인건지... 이전에는 외부앱이 켜졌었는데 내부적으로 결제되게끔 하려다가 연동관련 뭐가 잘못됐나보네요
595,버터,3,2022년 12월 17일,"낮엔 괜찮은데 유독 밤에 어플이 먹통이 됩니다. 홈, 검색, 주문내역, 마이페이지(앱 하단에 있는 기능들)가 무한로딩되서 앱을 사용할수가 없음. 서버 문제인걸까요?"
596,김미숙,5,2025년 6월 21일,할인쿠폰이 적용이 다양해서 좋아요 ㅎㅎ
597,2417장우혁,1,2023년 6월 9일,자신들의 앱을 쓰지 말라고 고사지내는 앱. 토스 및 카카오페이 사용 불가부터 시작해서 대체 시대가 어느 시대인데 카드 번호를 입력하고 있는지..... 다른 앱들은 지문만 눌러도 결제되는데 진짜 결제 방식이 암이 걸립니다...
598,김준호,1,2025년 2월 16일,고객센터가 역대 최고 쓰레기 당해보면 보상 받을 길이 없음. 심지어 고객센터 답변이 4일 뒤에 오고 보상 받은 것도 하나도 없음. 내 배달이 얼마나 남았는지도 지도로 볼 수 없음.
599,박희경,5,2025년 2월 22일,배달도 빨리되고 맛도 좋았어요 추천추천요♡
600,Bokkeum Jaeyuk,3,2022년 12월 22일,데미터로 접속시 렉이 너무심함. 와이파이로 해야 정상작동. 참고로 다른 어플은 문제없이 사용가능했음.
601,이영규,5,2024년 12월 31일,"무엇보다 타업체처럼 우리에게서 벌어서 독일(?) 모기업에 과도한 배당으로 외화유출이 안되어 좋구요. 다양한 이벤트와 적립, 다양한 가게가 있어 아주 잘 이용하고 있습니다."
602,박과장,5,2025년 4월 29일,배민보다 소상공인 분들에게 더 도움된다고해서 가능하면 이쪽으로 주문하려고 합니다.
603,김병욱,1,2025년 4월 27일,"너무 불편 불친절함 특 쿠폰 땡겨요페이 결제할인 쿠폰있다그래서 등록하고 쓸려했했더니 할인수단에 맞는 결제수단을 이용하라고 하네? 난 땡겨요페이 계좌 등록하고 결제하는데 왜그러지 하고 40분 씨름해보니, 신한은행 계좌만 되는거 같음 그럼 그런 내용을 쿠폰에 제대로 써놓던가, 저문구가 왜뜨는지 알수가 없고 쿠폰에도 설명이 제대로 안써있고 땡겨요페이 통장결제로만 하면 된다는 식으로 단순한 한두줄만 되어있어서 알수가 없음. 그래서 지금도 저 할인쿠폰에 맞는 결제수단을 쓰 라는 문구가 왜 떳는지는 모름 신한은행계좌가 아니라 그런가부다 추측만할뿐임. 나는 신한계좌 없어서 확인은 못했. 배고파죽겠는데 원인도 모르고 30~40분 씨름하는데 얼마나 짜증나는지 암? 신한계좌만 되는줄 알면 그냥 쿠폰 안썼지. 코폰 못쓴게 짜증나는게 아니라 왜 안되는지 제대로 안내나 설명이 없어서 배고픈데 쿠폰써보겠다고 시간 날린게 더 짜증남 어플 편할려거 쓰는거 아닙니까? 이러니 배민 쿠잇쓰는거, 사장님들이 싫어해도"
604,최진성,5,2025년 5월 7일,할인도 많이되고 배달도 빨라서 좋아요!
605,lee hoony,5,2025년 5월 4일,공공앱이나 소상공인에게 도움이 되는 땡겨요는 소비자에게 더 홍보가 되야 합니다 홍보가 많이 부족해요
606,로드,1,2025년 5월 1일,착한 수수료에 착한 가격이라고 전단지 와서 들어가 봤는데 헬인데요
607,김하나,5,2025년 5월 28일,배x보다 배달팁 저렴하네요 애용하겠습니다
608,빙water,5,2025년 5월 5일,할인 왕창 받고 충전했던 지역화폐도 알뜰히 쓸수있어 좋습니다
609,zero DIVA,1,2025년 5월 30일,땡겨요페이통장결제하면 사용할수있는 3천원쿠폰 계속 사용이 안되네요 답답
610,char K,1,2023년 7월 11일,신한 쏠 로그인 안되요 신한 쏠에서 땡겨요는 들어가지는데 따로 이 어플 설치해서 신한쏠 로그인하면 로그인이 안되서 결국 어플은 지우게 되네요 수정이 되야쓸텐데 카톡이나 다른곳에서 링크 누르면 이 앱으로만 연결되고 신한쏠 어플연결은 안되서 번거로움
611,던킨이,5,2025년 5월 8일,배달어플 웬만하면 리뷰안다는데 역시 은행에서 만든 거라 그런지 다른어플보다 싸게 시켜 먹을 수 있어서 좋음
612,박선규,5,2025년 5월 19일,"할인 굿! 몇몇 어플 시장독식, 수수료 과다! 화이팅 입니다"
613,현이,1,2025년 2월 8일,검색 기능이 작동하지 않아요. 매장 이름을 검색했는데 아무것도 안 뜨고 검색기록에도 남지 않습니다.
614,재석이,5,2025년 5월 23일,"수수료를 확실히 적게 떼는군요... 요즘 갈수록 꽁으로 떼먹는 수수료만 무쟈게올리는 독점적 지위의 배민,쿠팡이츠 멀리하고. 땡겨요 어플 덕분에 저소상공인들에게 작게나마 도움을 주는 기분을 낼 수 있어서 이 뿌듯함은 덤입니다."
615,nayeon k,4,2024년 11월 4일,오픈준비중이라고 떠있는 매장이 많아요 타 배달어플에는 정상 영업중이구요~ 포장을 종종 하는데 할곳이 점점 더 없어져요. 이유는 모르겠으나 점포와 규율을 좀 정하고 운영하게 해주세요 대낮에 불꺼진매장 보기 안 좋아요
616,돌풍,1,2025년 6월 16일,5000원 쿠폰은 좋은데 3000원 쿠폰은 뭐 땡겨요 페이 등록해도 안되고 이거 어떻게 사용하라는건지...
617,Cerenity Endymion,1,2024년 10월 8일,저번에 6시간 넘게 설치하고 오류나고 해서 결국 이벤트에 참여하지 못하고 시간만 낭비한 적이 있었어요. 고객센터에 전화해도 해결이 안 되었던 과거의 경험 정말 끔찍했어요.
618,조까,5,2024년 10월 3일,아직은 식당이 많이 없어서 존버 중입니다.. 그리고 배달 말고 포장도 가능하게 해주셨으면 좋겠습니다 포장 가능한 곳이 위생이 괜찮다고 해서 그걸 보고 고르거든요 그리고 한집이 너무 중복적으로 이름만 바꿔서 여러개 뜨는데 이건 개선 안 되는지요?
619,오호라,5,2021년 12월 22일,뉴스보고 설치했어요. 취지라던가 수수료등 기획의도가 맘에 들어 종종 사용하겠습니다. 근데 속도가 좀 아쉬워요. 좀만 더 빨랐으면....
620,Kim Conrad,5,2025년 6월 29일,지역화페 가능해서 좋아요
621,탓,4,2025년 3월 21일,생각보다 .. 렉도 많이걸리고 지점이 별로넚어요.. 아쉽아쉽 ㅠ
622,이현중,4,2024년 10월 5일,음식이 도착한지 몇분이 지났는데도 배달완료라고 뜨지않고 계속 진행중이라 표기 되는 점이 조금 불편하네요 이점만 개선해주기면 좋을것 같습니다.
623,O ri,5,2024년 11월 10일,다른 곳은 수수료를 많이 받는다고해서 요즘엔 이 어플을 자주 사용하려고 하고있어요. 어플이 많이 알려져서 더 많은 분들이 사용했으면 좋겠어요!! 자영업자분들 힘내세요:)
624,서하연,2,2023년 5월 15일,"서비스 지역이 너무 한정적입니다. 애초에 주문이 불가능한 지역이면 가게 목록이 왜 뜨는지 모르겠어요. 앱 까시려는 분들 보시라고 남겨둡니다. 서울, 부천, 부산, 성남, 수원, 고양, 인천시 4개구(서구, 계양구, 부평구, 남동구) 말고는 서비스 지역이 아니라고 합니다.... 다른 지역 사시는 분들은 앱 깔아도 할 수 있는게 아무것도 없습니다. 참고하세요. (+리뷰 답변 보고 추가합니다. 현재 김포시 거주하고 있습니다. 타 배달 앱에서는 주문이 정상적으로 가능한 지역 내 가게에서 주문을 시도했지만 서비스 지역이 아니라는 말만 뜨고 결제창으로 넘어갈 수가 없었습니다. 말씀하신대로 김포시도 서비스 지역에 포함된다면 주문이 가능해야 하는거 아닌가요? 혹시나 시스템상 오류 등으로 인한 것이라면 수정 바랍니다.)"
625,개뿔소뿔,5,2025년 7월 19일,소비자와 자영업 사장님들 모두 좋은 어플. 강추합니다!
626,우Ts,5,2022년 10월 19일,땡겨요로 시원하게 땡길려했는데 네트워크오류로 자꾸 렉걸리네요 ㅠ 요땡땡 패스도 해지하고 땡겨요로 갈아탔는데 마음이아프네요.. 앞으로 더 나아질거라 생각하며 힘내시라고 별점 5점드립니다!!
627,김재현,1,2022년 8월 31일,결제할 때 렉 엄청 걸리더니 주문 들어가고 나서 돈은 빠졌는데 가게에서는 제멋대로 주문취소됐다 그래서 시간만 날렸네요 뭐 이딴 어플이 다 있죠? 주문 취소될 거면 아예 취소가 되든가 돈은 처먹고 가게에서는 주문 취소됐다고 음식을 안 만들었다 그러네요 이따위로 할 거면 앱 만들지 마세요
628,Hj K,1,2022년 4월 11일,1. 치킨 할인 쿠폰 준다고 어플홈에 대문짝 광고함. 쿠폰받고 쓰려고하니 쓸수있는 치킨집 한군데고 영업준비중. 며칠 기다려도 문 안엶. 치킨집에 전화하니 영업중이고 한숨 푹푹쉬면서 우린 그 쿠폰 안받을거라함. 고객센터에 광고 내려달라고 문의. 매크로 답변으로 죄송하다함 그리고 광고는 안내림. 2. 포인트 모은거 쓰려고 하니 결제 오류남. 잔액 부족인가 네트워크 불량인가 이리저리 찾다 혹시나해서 포인트 빼고 결제하니 거짓말같이 결제됨. 모아둔 포인트는 결국 못씀 3. 몇번 써보고 느낀점. 웬만큼 할인혜택 뿌리지않으면 절대 안쓸 어플. 다른 좋은 어플 놔두고 굳이 이거 쓸 이유가 없기때문.
629,김송은,5,2025년 6월 22일,좋습니다 근데 가게 오픈 알림 좀..
630,김도윤,5,2025년 6월 24일,가격도 착하고 쿠폰도 많아요
631,딩가딩가,2,2022년 11월 12일,어플 반응속도가 너무나도 엄청나게 대단하게 범상치 않게 느립니다. 할인쿠폰은 챙겨주셔서 별한개 추가합니다.
632,Eunyoung Jeong,5,2025년 6월 23일,쿠폰많고 지역화폐 가능해서 좋아요.
633,박정호,2,2024년 5월 18일,주문하고나서 어플이 깨집니다. 어떻게해도 어플이 깨져서 어플을 완전히 끄고 다시키니까 정상으로 돌아와요. 불편한점 개선 바랍니다
634,정가은,5,2022년 8월 3일,요즘은 꼭 땡겨요로 배달 시키고 있습니다 사용방법도 간단하고 쉬워서 좋네요 앞으로도 꾸준히 이용할 생각입니다 좋아요
635,불면증잠,5,2023년 5월 25일,이번에 써보니 불편 없이 잘 되었어요 가게정렬에 가까운순이 있으면 좋겠고 만나서 결제나 경기지역화폐도 결제할 수 있으면 좋겠어요 만나서 결제로 경기지역화폐 쓰는 편이라 이게 없으니 쿠폰 가격이 크지 않으면 잘 안쓰게 될것같아요
636,이재근,5,2025년 7월 3일,일단 한번 땡겨보시면 알아요.
637,하와이내집마련,5,2025년 6월 22일,쿠폰중복 사용 많아서 좋아요.
638,정재운,1,2023년 2월 21일,처음에는 룰렛을 통한 많은 할인과 포인트로 제일 많이 사용한 배달어플이였지만 최근에는 너무 돈독오른게 보이네요 500원 1000원 쿠폰은 도대체 어디다쓰는건가요? 100포인트씩이라도 모을수있게 해줘야지 이건 뭐 쓰지도 못하고 에휴
639,이현숙,1,2025년 6월 16일,배달...30분내 도착이라고 해놓고 50분 걸림 안동시내를 다 돌다 왔는지 콜라에 얼음은 없고 맹맛..감튀는 다 식어서 눅눅하고 난리난리
